Name,hgvs_clean,label,binary_label,cadd_phred,polyphen_score,sift_score,af,Type
NM_007294.4(BRCA1):c.5277+50A>G,NM_007294.4:c.5277+50A>G,benign,0,2.923,0.32799999999999996,0.025,4.4465e-06,single nucleotide variant
NM_007294.4(BRCA1):c.5333-157C>A,NM_007294.4:c.5333-157C>A,benign,0,0.118,0.32799999999999996,0.025,4.4465e-06,single nucleotide variant
NM_007294.4(BRCA1):c.4185+2046T>C,NM_007294.4:c.4185+2046T>C,benign,0,4.172,0.32799999999999996,0.025,0.04547,single nucleotide variant
NM_007294.4(BRCA1):c.4470_4473del (p.Pro1491fs),NM_007294.4:c.4470_4473del,pathogenic,1,7.1265,0.32799999999999996,0.025,4.4465e-06,Deletion
NM_007294.4(BRCA1):c.81-1588_134+1725del,NM_007294.4:c.81-1588_134+1725del,pathogenic,1,7.1265,0.32799999999999996,0.025,4.4465e-06,Deletion
NM_007294.4(BRCA1):c.2356C>T (p.Leu786=),NM_007294.4:c.2356C>T,benign,0,2.965,0.32799999999999996,0.025,4.4465e-06,single nucleotide variant
NM_007294.4(BRCA1):c.4521G>A (p.Arg1507=),NM_007294.4:c.4521G>A,benign,0,1.202,0.32799999999999996,0.025,2.052e-06,single nucleotide variant
NM_007294.4(BRCA1):c.1911T>C (p.Thr637=),NM_007294.4:c.1911T>C,benign,0,0.178,0.32799999999999996,0.025,0.0001149,single nucleotide variant
NM_007294.4(BRCA1):c.3935_3938del (p.Thr1312fs),NM_007294.4:c.3935_3938del,pathogenic,1,7.1265,0.32799999999999996,0.025,4.4465e-06,Deletion
NM_007294.4(BRCA1):c.2641G>T (p.Glu881Ter),NM_007294.4:c.2641G>T,pathogenic,1,34.0,0.32799999999999996,0.025,2.053e-06,single nucleotide variant
NM_007294.4(BRCA1):c.510G>C (p.Arg170=),NM_007294.4:c.510G>C,benign,0,4.144,0.32799999999999996,0.025,4.4465e-06,single nucleotide variant
NM_007294.4(BRCA1):c.3713del (p.Pro1238fs),NM_007294.4:c.3713del,pathogenic,1,7.1265,0.32799999999999996,0.025,4.4465e-06,Deletion
NM_007294.4(BRCA1):c.2025A>C (p.Ala675=),NM_007294.4:c.2025A>C,benign,0,1.574,0.32799999999999996,0.025,4.4465e-06,single nucleotide variant
NM_007294.4(BRCA1):c.5220G>A (p.Val1740=),NM_007294.4:c.5220G>A,benign,0,4.938,0.32799999999999996,0.025,4.4465e-06,single nucleotide variant
NM_007294.4(BRCA1):c.2014A>T (p.Lys672Ter),NM_007294.4:c.2014A>T,pathogenic,1,26.7,0.32799999999999996,0.025,4.4465e-06,single nucleotide variant
NM_007294.4(BRCA1):c.2665dup (p.Ser889fs),NM_007294.4:c.2665dup,pathogenic,1,7.1265,0.32799999999999996,0.025,4.4465e-06,Duplication
NM_007294.4(BRCA1):c.81-4118G>A,NM_007294.4:c.81-4118G>A,benign,0,14.28,0.32799999999999996,0.025,5.933e-05,single nucleotide variant
NM_007294.4(BRCA1):c.594-622G>C,NM_007294.4:c.594-622G>C,benign,0,1.713,0.32799999999999996,0.025,0.0004185,single nucleotide variant
NM_007294.4(BRCA1):c.1523del (p.Pro508fs),NM_007294.4:c.1523del,pathogenic,1,7.1265,0.32799999999999996,0.025,4.4465e-06,Deletion
NM_007294.4(BRCA1):c.4544G>A (p.Gly1515Glu),NM_007294.4:c.4544G>A,benign,0,8.301,0.006,0.28,2.736e-06,single nucleotide variant
NM_007294.4(BRCA1):c.547+284C>T,NM_007294.4:c.547+284C>T,benign,0,4.701,0.32799999999999996,0.025,0.05185,single nucleotide variant
NM_007294.4(BRCA1):c.4185+11TG[4],NM_007294.4:c.4185+11TG[4],benign,0,7.1265,0.32799999999999996,0.025,4.4465e-06,Microsatellite
NM_007294.4(BRCA1):c.441+1729_547+704dup,NM_007294.4:c.441+1729_547+704dup,pathogenic,1,7.1265,0.32799999999999996,0.025,4.4465e-06,Duplication
NM_007294.4(BRCA1):c.4071del (p.Glu1358fs),NM_007294.4:c.4071del,pathogenic,1,7.1265,0.32799999999999996,0.025,4.4465e-06,Deletion
NM_007294.4(BRCA1):c.4186-6T>C,NM_007294.4:c.4186-6T>C,benign,0,7.811,0.32799999999999996,0.025,6.841e-07,single nucleotide variant
NM_007294.4(BRCA1):c.3564dup (p.Ser1189fs),NM_007294.4:c.3564dup,pathogenic,1,7.1265,0.32799999999999996,0.025,4.4465e-06,Duplication
NM_007294.4(BRCA1):c.671-12G>A,NM_007294.4:c.671-12G>A,benign,0,1.787,0.32799999999999996,0.025,4.4465e-06,single nucleotide variant
NM_007294.4(BRCA1):c.5406+1G>T,NM_007294.4:c.5406+1G>T,pathogenic,1,29.6,0.32799999999999996,0.025,4.4465e-06,single nucleotide variant
NM_007294.4(BRCA1):c.2784C>T (p.Gly928=),NM_007294.4:c.2784C>T,benign,0,1.064,0.32799999999999996,0.025,4.4465e-06,single nucleotide variant
NM_007294.4(BRCA1):c.80+1128del,NM_007294.4:c.80+1128del,benign,0,1.205,0.32799999999999996,0.025,0.001402,Deletion
NM_007294.4(BRCA1):c.*291C>T,NM_007294.4:c.*291C>T,benign,0,13.38,0.32799999999999996,0.025,8.171e-05,single nucleotide variant
NM_007294.4(BRCA1):c.5568C>A (p.Pro1856=),NM_007294.4:c.5568C>A,benign,0,1.886,0.32799999999999996,0.025,4.4465e-06,single nucleotide variant
NM_007294.4(BRCA1):c.3578_3581del (p.Phe1193fs),NM_007294.4:c.3578_3581del,pathogenic,1,7.1265,0.32799999999999996,0.025,4.4465e-06,Deletion
NM_007294.4(BRCA1):c.3698A>G (p.Lys1233Arg),NM_007294.4:c.3698A>G,benign,0,16.85,0.223,0.14,4.4465e-06,single nucleotide variant
NM_007294.4(BRCA1):c.885_886del (p.Asp295fs),NM_007294.4:c.885_886del,pathogenic,1,7.1265,0.32799999999999996,0.025,4.4465e-06,Deletion
NM_007294.4(BRCA1):c.5236del (p.His1746fs),NM_007294.4:c.5236del,pathogenic,1,7.1265,0.32799999999999996,0.025,4.4465e-06,Deletion
NM_007294.4(BRCA1):c.5108A>G (p.Tyr1703Cys),NM_007294.4:c.5108A>G,pathogenic,1,27.0,0.958,0.0,4.4465e-06,single nucleotide variant
NM_007294.4(BRCA1):c.1440_1441insA (p.Leu481fs),NM_007294.4:c.1440_1441insA,pathogenic,1,7.1265,0.32799999999999996,0.025,4.4465e-06,Insertion
NM_007294.4(BRCA1):c.4357+17A>G,NM_007294.4:c.4357+17A>G,benign,0,8.715,0.32799999999999996,0.025,6.029e-05,single nucleotide variant
NM_007294.4(BRCA1):c.5559C>A (p.Tyr1853Ter),NM_007294.4:c.5559C>A,pathogenic,1,37.0,0.32799999999999996,0.025,4.4465e-06,single nucleotide variant
NM_007294.4(BRCA1):c.302-167T>C,NM_007294.4:c.302-167T>C,benign,0,12.04,0.32799999999999996,0.025,4.4465e-06,single nucleotide variant
NM_007294.4(BRCA1):c.1255del (p.Glu418_Val419insTer),NM_007294.4:c.1255del,pathogenic,1,7.1265,0.32799999999999996,0.025,4.4465e-06,Deletion
NM_007294.4(BRCA1):c.1716del (p.Glu572fs),NM_007294.4:c.1716del,pathogenic,1,7.1265,0.32799999999999996,0.025,4.4465e-06,Deletion
NM_007294.4(BRCA1):c.3543_3544insGA (p.Gln1182fs),NM_007294.4:c.3543_3544insGA,pathogenic,1,7.1265,0.32799999999999996,0.025,4.4465e-06,Insertion
NM_007294.4(BRCA1):c.5333-869A>G,NM_007294.4:c.5333-869A>G,benign,0,3.158,0.32799999999999996,0.025,4.06e-06,single nucleotide variant
NM_007294.4(BRCA1):c.441+17del,NM_007294.4:c.441+17del,benign,0,0.145,0.32799999999999996,0.025,2.33e-05,Deletion
NM_007294.4(BRCA1):c.2341G>T (p.Glu781Ter),NM_007294.4:c.2341G>T,pathogenic,1,35.0,0.32799999999999996,0.025,4.4465e-06,single nucleotide variant
NM_007294.4(BRCA1):c.286G>A (p.Asp96Asn),NM_007294.4:c.286G>A,pathogenic,1,26.9,0.802,0.0,4.4465e-06,single nucleotide variant
NM_007294.4(BRCA1):c.5333-449C>T,NM_007294.4:c.5333-449C>T,benign,0,15.63,0.32799999999999996,0.025,1.314e-05,single nucleotide variant
NM_007294.4(BRCA1):c.3630G>A (p.Glu1210=),NM_007294.4:c.3630G>A,benign,0,6.203,0.32799999999999996,0.025,6.841e-07,single nucleotide variant
NM_007294.4(BRCA1):c.3257_3258insTTGC (p.Leu1086fs),NM_007294.4:c.3257_3258insTTGC,pathogenic,1,7.1265,0.32799999999999996,0.025,4.4465e-06,Insertion
NM_007294.4(BRCA1):c.3665_3666del (p.Glu1222fs),NM_007294.4:c.3665_3666del,pathogenic,1,7.1265,0.32799999999999996,0.025,4.4465e-06,Microsatellite
NM_007294.4(BRCA1):c.4357+1G>C,NM_007294.4:c.4357+1G>C,pathogenic,1,28.2,0.32799999999999996,0.025,4.4465e-06,single nucleotide variant
NM_007294.4(BRCA1):c.4096+14G>T,NM_007294.4:c.4096+14G>T,benign,0,9.71,0.32799999999999996,0.025,4.4465e-06,single nucleotide variant
NM_007294.4(BRCA1):c.5362G>A (p.Gly1788Ser),NM_007294.4:c.5362G>A,pathogenic,1,27.1,0.537,0.0,4.4465e-06,single nucleotide variant
NM_007294.4(BRCA1):c.442-15T>C,NM_007294.4:c.442-15T>C,benign,0,13.11,0.32799999999999996,0.025,4.4465e-06,single nucleotide variant
NM_007294.4(BRCA1):c.3321A>G (p.Glu1107=),NM_007294.4:c.3321A>G,benign,0,2.064,0.32799999999999996,0.025,4.4465e-06,single nucleotide variant
NM_007294.4(BRCA1):c.1130G>A (p.Ser377Asn),NM_007294.4:c.1130G>A,benign,0,19.48,0.66,0.05,4.4465e-06,single nucleotide variant
NM_007294.4(BRCA1):c.442-12_442-11del,NM_007294.4:c.442-12_442-11del,benign,0,7.1265,0.32799999999999996,0.025,4.4465e-06,Deletion
NM_007294.4(BRCA1):c.5282T>C (p.Phe1761Ser),NM_007294.4:c.5282T>C,pathogenic,1,25.2,0.306,0.0,4.4465e-06,single nucleotide variant
NM_007294.4(BRCA1):c.1305T>C (p.Asp435=),NM_007294.4:c.1305T>C,benign,0,2.162,0.32799999999999996,0.025,4.4465e-06,single nucleotide variant
NM_007294.4(BRCA1):c.3307_3308insC (p.Cys1103fs),NM_007294.4:c.3307_3308insC,pathogenic,1,7.1265,0.32799999999999996,0.025,4.4465e-06,Insertion
NM_007294.4(BRCA1):c.211dup (p.Arg71fs),NM_007294.4:c.211dup,pathogenic,1,7.1265,0.32799999999999996,0.025,4.4465e-06,Duplication
NM_007294.4(BRCA1):c.4484+385A>G,NM_007294.4:c.4484+385A>G,benign,0,0.375,0.32799999999999996,0.025,0.01021,single nucleotide variant
NM_007294.4(BRCA1):c.3914del (p.Asp1305fs),NM_007294.4:c.3914del,pathogenic,1,7.1265,0.32799999999999996,0.025,4.4465e-06,Deletion
NM_007294.4(BRCA1):c.2071_2171del (p.Lys690_Arg691insTer),NM_007294.4:c.2071_2171del,pathogenic,1,7.1265,0.32799999999999996,0.025,4.4465e-06,Deletion
NM_007294.4(BRCA1):c.442-714T>C,NM_007294.4:c.442-714T>C,benign,0,5.367,0.32799999999999996,0.025,0.2523,single nucleotide variant
NM_007294.4(BRCA1):c.745_746del (p.Thr248_Thr249insTer),NM_007294.4:c.745_746del,pathogenic,1,7.1265,0.32799999999999996,0.025,4.4465e-06,Deletion
NM_007294.4(BRCA1):c.547+16T>G,NM_007294.4:c.547+16T>G,benign,0,12.81,0.32799999999999996,0.025,6.571e-06,single nucleotide variant
NM_007294.4(BRCA1):c.3588A>C (p.Thr1196=),NM_007294.4:c.3588A>C,benign,0,0.477,0.32799999999999996,0.025,4.105e-06,single nucleotide variant
NM_007294.4(BRCA1):c.2412dup (p.Cys805fs),NM_007294.4:c.2412dup,pathogenic,1,7.1265,0.32799999999999996,0.025,4.4465e-06,Duplication
NM_007294.4(BRCA1):c.4698T>C (p.Ser1566=),NM_007294.4:c.4698T>C,benign,0,6.827,0.32799999999999996,0.025,2.052e-06,single nucleotide variant
NM_007294.4(BRCA1):c.723C>A (p.Pro241=),NM_007294.4:c.723C>A,benign,0,4.547,0.32799999999999996,0.025,4.4465e-06,single nucleotide variant
NM_007294.4(BRCA1):c.5194-1244T>G,NM_007294.4:c.5194-1244T>G,benign,0,2.382,0.32799999999999996,0.025,0.4124,single nucleotide variant
NM_007294.4(BRCA1):c.3144T>C (p.Gly1048=),NM_007294.4:c.3144T>C,benign,0,5.147,0.32799999999999996,0.025,6.842e-07,single nucleotide variant
NM_007294.4(BRCA1):c.5075-2del,NM_007294.4:c.5075-2del,pathogenic,1,7.1265,0.32799999999999996,0.025,4.4465e-06,Deletion
NM_007294.4(BRCA1):c.928C>T (p.Gln310Ter),NM_007294.4:c.928C>T,pathogenic,1,36.0,0.32799999999999996,0.025,6.841e-07,single nucleotide variant
NM_007294.4(BRCA1):c.3348A>T (p.Val1116=),NM_007294.4:c.3348A>T,benign,0,0.329,0.32799999999999996,0.025,4.4465e-06,single nucleotide variant
NM_007294.4(BRCA1):c.4666C>T (p.Gln1556Ter),NM_007294.4:c.4666C>T,pathogenic,1,49.0,0.32799999999999996,0.025,4.4465e-06,single nucleotide variant
NM_007294.4(BRCA1):c.543del (p.Glu181fs),NM_007294.4:c.543del,pathogenic,1,7.1265,0.32799999999999996,0.025,4.4465e-06,Deletion
NM_007294.4(BRCA1):c.5193+2545G>A,NM_007294.4:c.5193+2545G>A,benign,0,2.556,0.32799999999999996,0.025,0.4446,single nucleotide variant
NM_007294.4(BRCA1):c.5333-297_5333-285del,NM_007294.4:c.5333-297_5333-285del,benign,0,7.1265,0.32799999999999996,0.025,4.4465e-06,Deletion
NM_007294.4(BRCA1):c.610T>C (p.Leu204=),NM_007294.4:c.610T>C,benign,0,5.958,0.32799999999999996,0.025,6.844e-07,single nucleotide variant
NM_007294.4(BRCA1):c.983_990dup (p.Arg331fs),NM_007294.4:c.983_990dup,pathogenic,1,7.1265,0.32799999999999996,0.025,4.4465e-06,Duplication
NM_007294.4(BRCA1):c.3954T>A (p.Ile1318=),NM_007294.4:c.3954T>A,benign,0,15.72,0.32799999999999996,0.025,4.4465e-06,single nucleotide variant
NM_007294.4(BRCA1):c.834_835insA (p.His279fs),NM_007294.4:c.834_835insA,pathogenic,1,7.1265,0.32799999999999996,0.025,4.4465e-06,Insertion
NM_007294.4(BRCA1):c.529del (p.Ser177fs),NM_007294.4:c.529del,pathogenic,1,7.1265,0.32799999999999996,0.025,4.4465e-06,Deletion
NM_007294.4(BRCA1):c.4524del (p.Trp1508fs),NM_007294.4:c.4524del,pathogenic,1,7.1265,0.32799999999999996,0.025,4.4465e-06,Deletion
NM_007294.4(BRCA1):c.5324T>A (p.Met1775Lys),NM_007294.4:c.5324T>A,pathogenic,1,23.4,0.117,0.0,4.4465e-06,single nucleotide variant
NM_007294.4(BRCA1):c.3279C>G (p.Val1093=),NM_007294.4:c.3279C>G,benign,0,0.45,0.32799999999999996,0.025,4.4465e-06,single nucleotide variant
NM_007294.4(BRCA1):c.1239G>A (p.Leu413=),NM_007294.4:c.1239G>A,benign,0,0.21,0.32799999999999996,0.025,4.4465e-06,single nucleotide variant
NM_007294.4(BRCA1):c.4396dup (p.Ser1466fs),NM_007294.4:c.4396dup,pathogenic,1,7.1265,0.32799999999999996,0.025,4.4465e-06,Duplication
NM_007294.4(BRCA1):c.547+14_547+15del,NM_007294.4:c.547+14_547+15del,benign,0,7.1265,0.32799999999999996,0.025,4.4465e-06,Deletion
NM_007294.4(BRCA1):c.1392dup (p.Tyr465fs),NM_007294.4:c.1392dup,pathogenic,1,7.1265,0.32799999999999996,0.025,4.4465e-06,Duplication
NM_007294.4(BRCA1):c.3684C>T (p.His1228=),NM_007294.4:c.3684C>T,benign,0,2.911,0.32799999999999996,0.025,1.3e-05,single nucleotide variant
NM_007294.4(BRCA1):c.3208_3223dup (p.Asn1075delinsSerArgThrArgTer),NM_007294.4:c.3208_3223dup,pathogenic,1,7.1265,0.32799999999999996,0.025,4.4465e-06,Duplication
NM_007294.4(BRCA1):c.4764_4765del (p.Arg1589fs),NM_007294.4:c.4764_4765del,pathogenic,1,7.1265,0.32799999999999996,0.025,4.4465e-06,Deletion
NM_007294.4(BRCA1):c.442-715AT[4],NM_007294.4:c.442-715AT[4],benign,0,7.1265,0.32799999999999996,0.025,4.4465e-06,Microsatellite
NM_007294.4(BRCA1):c.3754_3755del (p.Leu1252fs),NM_007294.4:c.3754_3755del,pathogenic,1,7.1265,0.32799999999999996,0.025,4.4465e-06,Deletion
NM_007294.4(BRCA1):c.5278-573C>T,NM_007294.4:c.5278-573C>T,benign,0,4.508,0.32799999999999996,0.025,0.00237,single nucleotide variant
NM_007294.4(BRCA1):c.412_441+58del,NM_007294.4:c.412_441+58del,pathogenic,1,7.1265,0.32799999999999996,0.025,4.4465e-06,Deletion
NM_007294.4(BRCA1):c.3642G>A (p.Glu1214=),NM_007294.4:c.3642G>A,benign,0,4.425,0.32799999999999996,0.025,4.789e-06,single nucleotide variant
NM_007294.4(BRCA1):c.3058C>T (p.Pro1020Ser),NM_007294.4:c.3058C>T,benign,0,13.35,0.017,0.07,4.4465e-06,single nucleotide variant
NM_007294.3(BRCA1):c.2125_2126ins3,NM_007294.3:c.2125_2126ins3,pathogenic,1,7.1265,0.32799999999999996,0.025,4.4465e-06,Insertion
NM_007294.4(BRCA1):c.1027_1028delinsTG (p.Asn343Cys),NM_007294.4:c.1027_1028delinsTG,benign,0,7.1265,0.472,0.0,4.4465e-06,Indel
NM_007294.4(BRCA1):c.3408T>G (p.Pro1136=),NM_007294.4:c.3408T>G,benign,0,5.986,0.32799999999999996,0.025,4.4465e-06,single nucleotide variant
NM_007294.4(BRCA1):c.2688T>C (p.Ser896=),NM_007294.4:c.2688T>C,benign,0,6.352,0.32799999999999996,0.025,4.4465e-06,single nucleotide variant
NM_007294.4(BRCA1):c.1092T>C (p.Pro364=),NM_007294.4:c.1092T>C,benign,0,1.942,0.32799999999999996,0.025,4.4465e-06,single nucleotide variant
NM_007294.4(BRCA1):c.3390A>G (p.Ser1130=),NM_007294.4:c.3390A>G,benign,0,4.793,0.32799999999999996,0.025,6.569e-06,single nucleotide variant
NM_007294.4(BRCA1):c.5313C>A (p.Pro1771=),NM_007294.4:c.5313C>A,benign,0,4.71,0.32799999999999996,0.025,4.4465e-06,single nucleotide variant
NM_007294.4(BRCA1):c.105_134+1007delinsTCCTTGAT,NM_007294.4:c.105_134+1007delinsTCCTTGAT,pathogenic,1,7.1265,0.32799999999999996,0.025,4.4465e-06,Indel
NM_007294.4(BRCA1):c.5550G>C (p.Leu1850=),NM_007294.4:c.5550G>C,benign,0,8.333,0.32799999999999996,0.025,2.6e-05,single nucleotide variant
NM_007294.4(BRCA1):c.5333-265T>G,NM_007294.4:c.5333-265T>G,benign,0,6.007,0.32799999999999996,0.025,4.4465e-06,single nucleotide variant
NM_007294.4(BRCA1):c.301+16C>T,NM_007294.4:c.301+16C>T,benign,0,0.633,0.32799999999999996,0.025,4.4465e-06,single nucleotide variant
NM_007294.4(BRCA1):c.2418dup (p.Ala807fs),NM_007294.4:c.2418dup,pathogenic,1,7.1265,0.32799999999999996,0.025,4.4465e-06,Duplication
NM_007294.4(BRCA1):c.4437G>A (p.Val1479=),NM_007294.4:c.4437G>A,benign,0,0.307,0.32799999999999996,0.025,4.4465e-06,single nucleotide variant
NM_007294.4(BRCA1):c.442-9A>C,NM_007294.4:c.442-9A>C,benign,0,13.81,0.32799999999999996,0.025,4.4465e-06,single nucleotide variant
NM_007294.4(BRCA1):c.4186-11C>T,NM_007294.4:c.4186-11C>T,benign,0,5.028,0.32799999999999996,0.025,3.558e-05,single nucleotide variant
NM_007294.4(BRCA1):c.4981G>T (p.Glu1661Ter),NM_007294.4:c.4981G>T,pathogenic,1,41.0,0.32799999999999996,0.025,4.4465e-06,single nucleotide variant
NM_007294.4(BRCA1):c.4185+355C>T,NM_007294.4:c.4185+355C>T,benign,0,6.349,0.32799999999999996,0.025,0.002712,single nucleotide variant
NM_007294.4(BRCA1):c.1398G>C (p.Arg466=),NM_007294.4:c.1398G>C,benign,0,5.931,0.32799999999999996,0.025,4.4465e-06,single nucleotide variant
NM_007294.4(BRCA1):c.-10A>C,NM_007294.4:c.-10A>C,benign,0,12.72,0.32799999999999996,0.025,1.031e-05,single nucleotide variant
NM_007294.4(BRCA1):c.4485-18T>A,NM_007294.4:c.4485-18T>A,benign,0,13.28,0.32799999999999996,0.025,6.873e-07,single nucleotide variant
NM_007294.4(BRCA1):c.4097-14T>G,NM_007294.4:c.4097-14T>G,benign,0,0.645,0.32799999999999996,0.025,4.4465e-06,single nucleotide variant
NM_007294.4(BRCA1):c.3051G>A (p.Glu1017=),NM_007294.4:c.3051G>A,benign,0,2.06,0.32799999999999996,0.025,4.4465e-06,single nucleotide variant
NM_007294.4(BRCA1):c.1188del (p.Asp396fs),NM_007294.4:c.1188del,pathogenic,1,7.1265,0.32799999999999996,0.025,4.4465e-06,Deletion
NM_007294.4(BRCA1):c.1441_1442insA (p.Leu481fs),NM_007294.4:c.1441_1442insA,pathogenic,1,7.1265,0.32799999999999996,0.025,4.4465e-06,Insertion
NM_007294.4(BRCA1):c.5387C>A (p.Ser1796Ter),NM_007294.4:c.5387C>A,pathogenic,1,39.0,0.32799999999999996,0.025,4.4465e-06,single nucleotide variant
NM_007294.4(BRCA1):c.55C>T (p.Gln19Ter),NM_007294.4:c.55C>T,pathogenic,1,38.0,0.32799999999999996,0.025,4.4465e-06,single nucleotide variant
NM_007294.4(BRCA1):c.3360dup (p.Asn1121Ter),NM_007294.4:c.3360dup,pathogenic,1,7.1265,0.32799999999999996,0.025,4.4465e-06,Duplication
NM_007294.4(BRCA1):c.5302del (p.Cys1768fs),NM_007294.4:c.5302del,pathogenic,1,7.1265,0.32799999999999996,0.025,4.4465e-06,Deletion
NM_007294.4(BRCA1):c.2498dup (p.Leu833fs),NM_007294.4:c.2498dup,pathogenic,1,7.1265,0.32799999999999996,0.025,4.4465e-06,Duplication
NM_007294.4(BRCA1):c.5491C>T (p.Pro1831Ser),NM_007294.4:c.5491C>T,benign,0,16.0,0.515,0.22,4.4465e-06,single nucleotide variant
NM_007294.4(BRCA1):c.223G>A (p.Glu75Lys),NM_007294.4:c.223G>A,benign,0,24.0,0.238,0.02,4.4465e-06,single nucleotide variant
NM_007294.4(BRCA1):c.5032_5033del (p.Asn1678fs),NM_007294.4:c.5032_5033del,pathogenic,1,7.1265,0.32799999999999996,0.025,4.4465e-06,Deletion
NM_007294.4(BRCA1):c.2504dup (p.His835fs),NM_007294.4:c.2504dup,pathogenic,1,7.1265,0.32799999999999996,0.025,4.4465e-06,Duplication
NM_007294.4(BRCA1):c.80+48C>T,NM_007294.4:c.80+48C>T,benign,0,2.322,0.32799999999999996,0.025,1.923e-05,single nucleotide variant
NM_007294.4(BRCA1):c.1673_1674del (p.Lys558fs),NM_007294.4:c.1673_1674del,pathogenic,1,7.1265,0.32799999999999996,0.025,4.4465e-06,Deletion
NM_007294.4(BRCA1):c.922dup (p.Ser308fs),NM_007294.4:c.922dup,pathogenic,1,7.1265,0.32799999999999996,0.025,4.4465e-06,Duplication
NM_007294.4(BRCA1):c.1122_1123del (p.Leu375fs),NM_007294.4:c.1122_1123del,pathogenic,1,7.1265,0.32799999999999996,0.025,4.4465e-06,Microsatellite
NM_007294.4(BRCA1):c.301+7G>A,NM_007294.4:c.301+7G>A,benign,0,2.216,0.32799999999999996,0.025,5.416e-05,single nucleotide variant
NM_007294.4(BRCA1):c.5165dup (p.Ile1723fs),NM_007294.4:c.5165dup,pathogenic,1,7.1265,0.32799999999999996,0.025,4.4465e-06,Duplication
NM_007294.4(BRCA1):c.51del (p.Met18fs),NM_007294.4:c.51del,pathogenic,1,7.1265,0.32799999999999996,0.025,4.4465e-06,Deletion
NM_007294.4(BRCA1):c.594-2A>C,NM_007294.4:c.594-2A>C,benign,0,31.0,0.32799999999999996,0.025,6.174e-05,single nucleotide variant
NM_007294.4(BRCA1):c.5239dup (p.Gln1747fs),NM_007294.4:c.5239dup,pathogenic,1,7.1265,0.32799999999999996,0.025,4.4465e-06,Duplication
NM_007294.4(BRCA1):c.4978del (p.Glu1660fs),NM_007294.4:c.4978del,pathogenic,1,7.1265,0.32799999999999996,0.025,4.4465e-06,Deletion
NM_007294.4(BRCA1):c.33A>G (p.Val11=),NM_007294.4:c.33A>G,benign,0,9.434,0.32799999999999996,0.025,4.4465e-06,single nucleotide variant
NM_007294.4(BRCA1):c.2389del (p.Glu797fs),NM_007294.4:c.2389del,pathogenic,1,7.1265,0.32799999999999996,0.025,4.4465e-06,Deletion
NM_007294.3(BRCA1):c.-2569G>T,NM_007294.3:c.-2569G>T,benign,0,7.1265,0.32799999999999996,0.025,4.4465e-06,single nucleotide variant
NM_007294.4(BRCA1):c.593+13G>A,NM_007294.4:c.593+13G>A,benign,0,12.67,0.32799999999999996,0.025,0.0,single nucleotide variant
NM_007294.4(BRCA1):c.45dup (p.Asn16Ter),NM_007294.4:c.45dup,pathogenic,1,7.1265,0.32799999999999996,0.025,4.4465e-06,Duplication
NM_007294.4(BRCA1):c.5167delinsTTT (p.Ile1723fs),NM_007294.4:c.5167delinsTTT,pathogenic,1,7.1265,0.32799999999999996,0.025,4.4465e-06,Indel
NM_007294.4(BRCA1):c.593+60G>A,NM_007294.4:c.593+60G>A,benign,0,10.16,0.32799999999999996,0.025,1.053e-05,single nucleotide variant
NM_007294.4(BRCA1):c.1333del (p.Glu445fs),NM_007294.4:c.1333del,pathogenic,1,7.1265,0.32799999999999996,0.025,4.4465e-06,Deletion
NM_007294.4(BRCA1):c.2870dup (p.Phe958fs),NM_007294.4:c.2870dup,pathogenic,1,7.1265,0.32799999999999996,0.025,4.4465e-06,Duplication
NM_007294.4(BRCA1):c.239_241delinsTT (p.Ser80fs),NM_007294.4:c.239_241delinsTT,pathogenic,1,7.1265,0.32799999999999996,0.025,4.4465e-06,Indel
NM_007294.4(BRCA1):c.1390_1391insG (p.Thr464fs),NM_007294.4:c.1390_1391insG,pathogenic,1,7.1265,0.32799999999999996,0.025,4.4465e-06,Insertion
NM_007294.4(BRCA1):c.5407_5414delGGTGTCCA (p.Gly1803fs),NM_007294.4:c.5407_5414delGGTGTCCA,pathogenic,1,7.1265,0.32799999999999996,0.025,4.4465e-06,Deletion
NM_007294.4(BRCA1):c.5193+2588C>T,NM_007294.4:c.5193+2588C>T,benign,0,1.216,0.32799999999999996,0.025,0.1044,single nucleotide variant
NM_007294.4(BRCA1):c.5538G>A (p.Gln1846=),NM_007294.4:c.5538G>A,benign,0,6.314,0.32799999999999996,0.025,1.368e-06,single nucleotide variant
NM_007294.4(BRCA1):c.2670del (p.Ser891fs),NM_007294.4:c.2670del,pathogenic,1,7.1265,0.32799999999999996,0.025,4.4465e-06,Deletion
NM_007294.4(BRCA1):c.4266G>A (p.Gly1422=),NM_007294.4:c.4266G>A,benign,0,8.25,0.32799999999999996,0.025,4.4465e-06,single nucleotide variant
NM_007294.4(BRCA1):c.3713C>T (p.Pro1238Leu),NM_007294.4:c.3713C>T,benign,0,6.581,0.031,0.1,0.0001498,single nucleotide variant
NM_007294.4(BRCA1):c.2164del (p.Val722fs),NM_007294.4:c.2164del,pathogenic,1,7.1265,0.32799999999999996,0.025,4.4465e-06,Deletion
NM_007294.4(BRCA1):c.1054del (p.Glu352fs),NM_007294.4:c.1054del,pathogenic,1,7.1265,0.32799999999999996,0.025,4.4465e-06,Deletion
NM_007294.4(BRCA1):c.3840_3850del (p.Gln1281fs),NM_007294.4:c.3840_3850del,pathogenic,1,7.1265,0.32799999999999996,0.025,4.4465e-06,Deletion
NM_007294.4(BRCA1):c.135-15C>G,NM_007294.4:c.135-15C>G,benign,0,8.56,0.32799999999999996,0.025,0.0,single nucleotide variant
NM_007294.4(BRCA1):c.4046C>T (p.Thr1349Met),NM_007294.4:c.4046C>T,benign,0,9.567,0.105,0.02,1.848e-05,single nucleotide variant
NM_007294.4(BRCA1):c.2488_2504dup (p.His835fs),NM_007294.4:c.2488_2504dup,pathogenic,1,7.1265,0.32799999999999996,0.025,4.4465e-06,Duplication
NM_007294.4(BRCA1):c.288_292delinsAACCTGT (p.Asp96fs),NM_007294.4:c.288_292delinsAACCTGT,pathogenic,1,7.1265,0.32799999999999996,0.025,4.4465e-06,Indel
NM_007294.4(BRCA1):c.4002_4005del (p.Leu1335fs),NM_007294.4:c.4002_4005del,pathogenic,1,7.1265,0.32799999999999996,0.025,4.4465e-06,Deletion
NM_007294.4(BRCA1):c.2938del (p.Ile980fs),NM_007294.4:c.2938del,pathogenic,1,7.1265,0.32799999999999996,0.025,4.4465e-06,Deletion
NM_007294.4(BRCA1):c.5333-522A>G,NM_007294.4:c.5333-522A>G,benign,0,4.669,0.32799999999999996,0.025,4.4465e-06,single nucleotide variant
NM_007294.4(BRCA1):c.2487del (p.Phe829fs),NM_007294.4:c.2487del,pathogenic,1,7.1265,0.32799999999999996,0.025,4.4465e-06,Deletion
NM_007294.4(BRCA1):c.3714T>G (p.Pro1238=),NM_007294.4:c.3714T>G,benign,0,0.962,0.32799999999999996,0.025,4.4465e-06,single nucleotide variant
NM_007294.4(BRCA1):c.1896C>T (p.Ser632=),NM_007294.4:c.1896C>T,benign,0,1.946,0.32799999999999996,0.025,4.4465e-06,single nucleotide variant
NM_007294.4(BRCA1):c.5406+19G>C,NM_007294.4:c.5406+19G>C,benign,0,0.67,0.32799999999999996,0.025,4.4465e-06,single nucleotide variant
NM_007294.4(BRCA1):c.2458A>G (p.Lys820Glu),NM_007294.4:c.2458A>G,benign,0,7.13,0.112,0.18,0.0009367,single nucleotide variant
NM_007294.4(BRCA1):c.5050A>G (p.Thr1684Ala),NM_007294.4:c.5050A>G,benign,0,24.2,0.459,0.0,4.4465e-06,single nucleotide variant
NM_007294.4(BRCA1):c.736_737del (p.Leu246fs),NM_007294.4:c.736_737del,pathogenic,1,7.1265,0.32799999999999996,0.025,4.4465e-06,Deletion
NM_007294.4(BRCA1):c.3486T>C (p.Asp1162=),NM_007294.4:c.3486T>C,benign,0,6.001,0.32799999999999996,0.025,6.841e-07,single nucleotide variant
NM_007294.4(BRCA1):c.1442dup (p.Ile482fs),NM_007294.4:c.1442dup,pathogenic,1,7.1265,0.32799999999999996,0.025,4.4465e-06,Duplication
NC_000017.11:g.(?_43104848)_(43106553_?)del,NC_000017.11:g._del,pathogenic,1,7.1265,0.32799999999999996,0.025,4.4465e-06,Deletion
NM_007294.4(BRCA1):c.4136_4137del (p.Val1378_Ser1379insTer),NM_007294.4:c.4136_4137del,pathogenic,1,7.1265,0.32799999999999996,0.025,4.4465e-06,Microsatellite
NM_007294.4(BRCA1):c.1800C>G (p.Ile600Met),NM_007294.4:c.1800C>G,benign,0,1.721,0.041,0.1,4.4465e-06,single nucleotide variant
NM_007294.4(BRCA1):c.2758G>A (p.Val920Ile),NM_007294.4:c.2758G>A,benign,0,0.396,0.35,0.14,7.525e-06,single nucleotide variant
NM_007294.4(BRCA1):c.3342del (p.Glu1115fs),NM_007294.4:c.3342del,pathogenic,1,7.1265,0.32799999999999996,0.025,4.4465e-06,Deletion
NM_007294.4(BRCA1):c.5135G>A (p.Trp1712Ter),NM_007294.4:c.5135G>A,pathogenic,1,49.0,0.32799999999999996,0.025,4.4465e-06,single nucleotide variant
NM_007294.4(BRCA1):c.2281G>T (p.Glu761Ter),NM_007294.4:c.2281G>T,pathogenic,1,35.0,0.32799999999999996,0.025,4.4465e-06,single nucleotide variant
NM_007294.4(BRCA1):c.397C>T (p.Arg133Cys),NM_007294.4:c.397C>T,benign,0,25.8,0.924,0.0,7.525e-06,single nucleotide variant
NM_007294.4(BRCA1):c.1846dup (p.Ser616fs),NM_007294.4:c.1846dup,pathogenic,1,7.1265,0.32799999999999996,0.025,4.4465e-06,Duplication
NM_007294.4(BRCA1):c.3297T>C (p.Pro1099=),NM_007294.4:c.3297T>C,benign,0,1.673,0.32799999999999996,0.025,4.4465e-06,single nucleotide variant
NM_007294.4(BRCA1):c.5280C>A (p.Ile1760=),NM_007294.4:c.5280C>A,benign,0,14.11,0.32799999999999996,0.025,1.368e-06,single nucleotide variant
NM_007294.4(BRCA1):c.4057_4061del (p.Glu1352_Glu1353insTer),NM_007294.4:c.4057_4061del,pathogenic,1,7.1265,0.32799999999999996,0.025,4.4465e-06,Deletion
NM_007294.4(BRCA1):c.4168_4169dup (p.Asp1390fs),NM_007294.4:c.4168_4169dup,pathogenic,1,7.1265,0.32799999999999996,0.025,4.4465e-06,Duplication
NM_007294.4(BRCA1):c.292_293insT (p.Gly98fs),NM_007294.4:c.292_293insT,pathogenic,1,7.1265,0.32799999999999996,0.025,4.4465e-06,Insertion
NM_007294.4(BRCA1):c.4843dup (p.Ala1615fs),NM_007294.4:c.4843dup,pathogenic,1,7.1265,0.32799999999999996,0.025,4.4465e-06,Duplication
NM_007294.4(BRCA1):c.827C>G (p.Thr276Arg),NM_007294.4:c.827C>G,benign,0,19.05,0.85,0.15,1.164e-05,single nucleotide variant
NM_007294.4(BRCA1):c.134+202A>T,NM_007294.4:c.134+202A>T,benign,0,1.081,0.32799999999999996,0.025,0.003757,single nucleotide variant
NM_007294.4(BRCA1):c.1240del (p.Asp414fs),NM_007294.4:c.1240del,pathogenic,1,7.1265,0.32799999999999996,0.025,4.4465e-06,Deletion
NM_007294.4(BRCA1):c.2889_2890del (p.Gly964fs),NM_007294.4:c.2889_2890del,pathogenic,1,7.1265,0.32799999999999996,0.025,4.4465e-06,Deletion
NM_007294.4(BRCA1):c.671-26_1781del,NM_007294.4:c.671-26_1781del,pathogenic,1,7.1265,0.32799999999999996,0.025,4.4465e-06,Deletion
NM_007294.4(BRCA1):c.3837A>C (p.Ala1279=),NM_007294.4:c.3837A>C,benign,0,1.267,0.32799999999999996,0.025,4.4465e-06,single nucleotide variant
NM_007294.4(BRCA1):c.81-2286A>G,NM_007294.4:c.81-2286A>G,benign,0,0.591,0.32799999999999996,0.025,1.979e-05,single nucleotide variant
NM_007294.4(BRCA1):c.3600G>T (p.Gln1200His),NM_007294.4:c.3600G>T,benign,0,11.76,0.185,0.03,3.557e-05,single nucleotide variant
NM_007294.4(BRCA1):c.2899A>T (p.Thr967Ser),NM_007294.4:c.2899A>T,benign,0,0.258,0.115,0.31,4.4465e-06,single nucleotide variant
NM_007294.4(BRCA1):c.3645C>T (p.Asn1215=),NM_007294.4:c.3645C>T,benign,0,2.147,0.32799999999999996,0.025,4.4465e-06,single nucleotide variant
NM_007294.4(BRCA1):c.70T>A (p.Cys24Ser),NM_007294.4:c.70T>A,pathogenic,1,26.4,0.767,0.0,4.4465e-06,single nucleotide variant
NM_007294.4(BRCA1):c.5277+1G>T,NM_007294.4:c.5277+1G>T,pathogenic,1,32.0,0.32799999999999996,0.025,4.4465e-06,single nucleotide variant
NM_007294.4(BRCA1):c.4050C>T (p.Gly1350=),NM_007294.4:c.4050C>T,benign,0,0.605,0.32799999999999996,0.025,2.053e-06,single nucleotide variant
NM_007294.4(BRCA1):c.4676-284_4676-283insATTACAAGCATTGTTACAGTGAAC,NM_007294.4:c.4676-284_4676-283insATTACAAGCATTGTTACAGTGAAC,benign,0,7.1265,0.32799999999999996,0.025,4.4465e-06,Insertion
NM_007294.4(BRCA1):c.112_113del (p.Lys38fs),NM_007294.4:c.112_113del,pathogenic,1,7.1265,0.32799999999999996,0.025,4.4465e-06,Deletion
NM_007294.4(BRCA1):c.5406+19G>A,NM_007294.4:c.5406+19G>A,benign,0,0.808,0.32799999999999996,0.025,4.4465e-06,single nucleotide variant
NM_007294.4(BRCA1):c.4097-78_4185+69del,NM_007294.4:c.4097-78_4185+69del,pathogenic,1,7.1265,0.32799999999999996,0.025,4.4465e-06,Deletion
NM_007294.4(BRCA1):c.2037delinsCC (p.Lys679fs),NM_007294.4:c.2037delinsCC,pathogenic,1,7.1265,0.32799999999999996,0.025,4.4465e-06,Indel
NM_007294.4(BRCA1):c.442-7T>A,NM_007294.4:c.442-7T>A,pathogenic,1,23.3,0.32799999999999996,0.025,4.4465e-06,single nucleotide variant
NM_007294.4(BRCA1):c.81-4del,NM_007294.4:c.81-4del,benign,0,7.1265,0.32799999999999996,0.025,4.4465e-06,Deletion
NM_007294.4(BRCA1):c.3928dup (p.Thr1310fs),NM_007294.4:c.3928dup,pathogenic,1,7.1265,0.32799999999999996,0.025,4.4465e-06,Duplication
NM_007294.4(BRCA1):c.5333-277T>C,NM_007294.4:c.5333-277T>C,benign,0,5.57,0.32799999999999996,0.025,4.4465e-06,single nucleotide variant
NM_007294.4(BRCA1):c.1360del (p.Ser454fs),NM_007294.4:c.1360del,pathogenic,1,7.1265,0.32799999999999996,0.025,4.4465e-06,Deletion
NM_007294.4(BRCA1):c.4197C>G (p.Thr1399=),NM_007294.4:c.4197C>G,benign,0,8.119,0.32799999999999996,0.025,6.841e-07,single nucleotide variant
NM_007294.4(BRCA1):c.5136_5137del (p.Trp1712fs),NM_007294.4:c.5136_5137del,pathogenic,1,7.1265,0.32799999999999996,0.025,4.4465e-06,Deletion
NM_007294.4(BRCA1):c.4387dup (p.Tyr1463fs),NM_007294.4:c.4387dup,pathogenic,1,7.1265,0.32799999999999996,0.025,4.4465e-06,Duplication
NM_007294.4(BRCA1):c.4435del (p.Val1479fs),NM_007294.4:c.4435del,pathogenic,1,7.1265,0.32799999999999996,0.025,4.4465e-06,Deletion
NM_007294.4(BRCA1):c.922_924delinsT (p.Lys307_Ser308insTer),NM_007294.4:c.922_924delinsT,pathogenic,1,7.1265,0.32799999999999996,0.025,4.4465e-06,Indel
NM_007294.4(BRCA1):c.3541del (p.Val1181fs),NM_007294.4:c.3541del,pathogenic,1,7.1265,0.32799999999999996,0.025,4.4465e-06,Deletion
NM_007294.4(BRCA1):c.4987-195_4987-194insTT,NM_007294.4:c.4987-195_4987-194insTT,benign,0,0.844,0.32799999999999996,0.025,0.002312,Insertion
NM_007294.4(BRCA1):c.5301T>A (p.Cys1767Ter),NM_007294.4:c.5301T>A,pathogenic,1,37.0,0.32799999999999996,0.025,4.4465e-06,single nucleotide variant
NM_007294.4(BRCA1):c.4202_4203del (p.Gln1401fs),NM_007294.4:c.4202_4203del,pathogenic,1,7.1265,0.32799999999999996,0.025,4.4465e-06,Deletion
NM_007294.4(BRCA1):c.42C>A (p.Val14=),NM_007294.4:c.42C>A,benign,0,8.27,0.32799999999999996,0.025,4.4465e-06,single nucleotide variant
NM_007294.4(BRCA1):c.819A>T (p.Pro273=),NM_007294.4:c.819A>T,benign,0,8.7,0.32799999999999996,0.025,4.4465e-06,single nucleotide variant
NM_007294.4(BRCA1):c.4045dup (p.Thr1349fs),NM_007294.4:c.4045dup,pathogenic,1,7.1265,0.32799999999999996,0.025,4.4465e-06,Duplication
NM_007294.4(BRCA1):c.4368T>C (p.Thr1456=),NM_007294.4:c.4368T>C,benign,0,7.908,0.32799999999999996,0.025,4.4465e-06,single nucleotide variant
NM_007294.4(BRCA1):c.4977A>G (p.Pro1659=),NM_007294.4:c.4977A>G,benign,0,9.046,0.32799999999999996,0.025,1.368e-06,single nucleotide variant
NM_007294.4(BRCA1):c.833_834insA (p.His279fs),NM_007294.4:c.833_834insA,pathogenic,1,7.1265,0.32799999999999996,0.025,4.4465e-06,Insertion
NM_007294.4(BRCA1):c.2934T>A (p.Tyr978Ter),NM_007294.4:c.2934T>A,pathogenic,1,27.7,0.32799999999999996,0.025,4.4465e-06,single nucleotide variant
NM_007294.4(BRCA1):c.2706A>G (p.Glu902=),NM_007294.4:c.2706A>G,benign,0,2.006,0.32799999999999996,0.025,6.841e-07,single nucleotide variant
NM_007294.4(BRCA1):c.5447C>G (p.Thr1816Arg),NM_007294.4:c.5447C>G,benign,0,21.5,0.513,0.08,4.4465e-06,single nucleotide variant
NM_007294.4(BRCA1):c.2380dup (p.Ala794fs),NM_007294.4:c.2380dup,pathogenic,1,7.1265,0.32799999999999996,0.025,4.4465e-06,Duplication
NM_007294.4(BRCA1):c.4186-2482T>C,NM_007294.4:c.4186-2482T>C,benign,0,5.789,0.32799999999999996,0.025,4.599e-05,single nucleotide variant
NM_007294.4(BRCA1):c.2485_2486insAA (p.Phe829Ter),NM_007294.4:c.2485_2486insAA,pathogenic,1,7.1265,0.32799999999999996,0.025,4.4465e-06,Insertion
NM_007294.4(BRCA1):c.2933dup (p.Tyr978Ter),NM_007294.4:c.2933dup,pathogenic,1,7.1265,0.32799999999999996,0.025,4.4465e-06,Duplication
NM_007294.4(BRCA1):c.20G>T (p.Arg7Leu),NM_007294.4:c.20G>T,benign,0,0.16,0.001,0.03,6.843e-07,single nucleotide variant
NM_007294.4(BRCA1):c.5296del (p.Ile1766fs),NM_007294.4:c.5296del,pathogenic,1,7.1265,0.32799999999999996,0.025,4.4465e-06,Deletion
NM_007294.4(BRCA1):c.302-1G>A,NM_007294.4:c.302-1G>A,pathogenic,1,35.0,0.32799999999999996,0.025,6.866e-07,single nucleotide variant
NM_007294.4(BRCA1):c.2028_2029del (p.Gly677fs),NM_007294.4:c.2028_2029del,pathogenic,1,7.1265,0.32799999999999996,0.025,4.4465e-06,Deletion
NM_007294.4(BRCA1):c.784del (p.Gln262fs),NM_007294.4:c.784del,pathogenic,1,7.1265,0.32799999999999996,0.025,4.4465e-06,Deletion
NM_007294.4(BRCA1):c.5083T>G (p.Phe1695Val),NM_007294.4:c.5083T>G,pathogenic,1,19.07,0.027,0.0,4.4465e-06,single nucleotide variant
NM_007294.4(BRCA1):c.3112del (p.Glu1038fs),NM_007294.4:c.3112del,pathogenic,1,7.1265,0.32799999999999996,0.025,4.4465e-06,Deletion
NM_007294.4(BRCA1):c.287A>T (p.Asp96Val),NM_007294.4:c.287A>T,pathogenic,1,25.9,0.711,0.0,6.842e-07,single nucleotide variant
NM_007294.4(BRCA1):c.909del (p.Glu303fs),NM_007294.4:c.909del,pathogenic,1,7.1265,0.32799999999999996,0.025,4.4465e-06,Deletion
NM_007294.4(BRCA1):c.2877A>G (p.Arg959=),NM_007294.4:c.2877A>G,benign,0,5.016,0.32799999999999996,0.025,1.368e-06,single nucleotide variant
NM_007294.4(BRCA1):c.861_862dup (p.Ser288fs),NM_007294.4:c.861_862dup,pathogenic,1,7.1265,0.32799999999999996,0.025,4.4465e-06,Duplication
NM_007294.4(BRCA1):c.1618G>T (p.Glu540Ter),NM_007294.4:c.1618G>T,pathogenic,1,28.4,0.32799999999999996,0.025,4.4465e-06,single nucleotide variant
NM_007294.4(BRCA1):c.5333-40A>C,NM_007294.4:c.5333-40A>C,benign,0,5.731,0.32799999999999996,0.025,4.884e-06,single nucleotide variant
NM_007294.4(BRCA1):c.5278-9T>C,NM_007294.4:c.5278-9T>C,benign,0,13.81,0.32799999999999996,0.025,4.4465e-06,single nucleotide variant
NM_007294.4(BRCA1):c.744del (p.Thr249fs),NM_007294.4:c.744del,pathogenic,1,7.1265,0.32799999999999996,0.025,4.4465e-06,Deletion
NM_007294.4(BRCA1):c.2429dup (p.Asn810fs),NM_007294.4:c.2429dup,pathogenic,1,7.1265,0.32799999999999996,0.025,4.4465e-06,Duplication
NM_007294.4(BRCA1):c.5161del (p.Gln1721fs),NM_007294.4:c.5161del,pathogenic,1,7.1265,0.32799999999999996,0.025,4.4465e-06,Deletion
NM_007294.4(BRCA1):c.5554_5555del (p.Thr1852fs),NM_007294.4:c.5554_5555del,pathogenic,1,7.1265,0.32799999999999996,0.025,4.4465e-06,Microsatellite
NM_007294.3(BRCA1):c.4987-?_5193+?del,NM_007294.3:c.4987-?_5193+?del,pathogenic,1,7.1265,0.32799999999999996,0.025,4.4465e-06,Deletion
NM_007294.4(BRCA1):c.1215A>G (p.Ser405=),NM_007294.4:c.1215A>G,benign,0,5.726,0.32799999999999996,0.025,6.841e-07,single nucleotide variant
NM_007294.4(BRCA1):c.290_291del (p.Thr97fs),NM_007294.4:c.290_291del,pathogenic,1,7.1265,0.32799999999999996,0.025,4.4465e-06,Microsatellite
NM_007294.4(BRCA1):c.3024dup (p.Ser1009fs),NM_007294.4:c.3024dup,pathogenic,1,7.1265,0.32799999999999996,0.025,4.4465e-06,Duplication
NM_007294.4(BRCA1):c.3423T>C (p.His1141=),NM_007294.4:c.3423T>C,benign,0,2.169,0.32799999999999996,0.025,2.052e-06,single nucleotide variant
NM_007294.4(BRCA1):c.4415_4417delinsGG (p.Leu1472fs),NM_007294.4:c.4415_4417delinsGG,pathogenic,1,7.1265,0.32799999999999996,0.025,4.4465e-06,Indel
NM_007294.4(BRCA1):c.5014CAC[1] (p.His1673del),NM_007294.4:c.5014CAC[1],pathogenic,1,7.1265,0.32799999999999996,0.025,4.4465e-06,Microsatellite
NM_007294.4(BRCA1):c.2090del (p.Phe697fs),NM_007294.4:c.2090del,pathogenic,1,7.1265,0.32799999999999996,0.025,4.4465e-06,Deletion
NM_007294.4(BRCA1):c.4266del (p.Ser1423fs),NM_007294.4:c.4266del,pathogenic,1,7.1265,0.32799999999999996,0.025,4.4465e-06,Deletion
NC_000017.11:g.(?_43044295)_(43099880_?)del,NC_000017.11:g._del,pathogenic,1,7.1265,0.32799999999999996,0.025,4.4465e-06,Deletion
NM_007294.4(BRCA1):c.1464T>A (p.Thr488=),NM_007294.4:c.1464T>A,benign,0,1.357,0.32799999999999996,0.025,1.368e-06,single nucleotide variant
NM_007294.4(BRCA1):c.4097-20_4134del,NM_007294.4:c.4097-20_4134del,pathogenic,1,7.1265,0.32799999999999996,0.025,4.4465e-06,Deletion
NM_007294.4(BRCA1):c.-20+14G>A,NM_007294.4:c.-20+14G>A,benign,0,3.955,0.32799999999999996,0.025,0.0,single nucleotide variant
NM_007294.4(BRCA1):c.81-3985A>T,NM_007294.4:c.81-3985A>T,benign,0,18.11,0.32799999999999996,0.025,0.0003086,single nucleotide variant
NM_007294.4(BRCA1):c.4862_4863insG (p.Asp1621fs),NM_007294.4:c.4862_4863insG,pathogenic,1,7.1265,0.32799999999999996,0.025,4.4465e-06,Insertion
NM_007294.4(BRCA1):c.670+14T>C,NM_007294.4:c.670+14T>C,benign,0,9.607,0.32799999999999996,0.025,6.87e-07,single nucleotide variant
NM_007294.4(BRCA1):c.2749_2752delinsTC (p.Ile917fs),NM_007294.4:c.2749_2752delinsTC,pathogenic,1,7.1265,0.32799999999999996,0.025,4.4465e-06,Indel
NM_007294.4(BRCA1):c.66_67delinsTT (p.Leu22_Glu23delinsPheTer),NM_007294.4:c.66_67delinsTT,pathogenic,1,7.1265,0.32799999999999996,0.025,4.4465e-06,Indel
NM_007294.4(BRCA1):c.4438dup (p.Ser1480fs),NM_007294.4:c.4438dup,pathogenic,1,7.1265,0.32799999999999996,0.025,4.4465e-06,Duplication
NM_007294.4(BRCA1):c.74C>T (p.Pro25Leu),NM_007294.4:c.74C>T,pathogenic,1,25.3,0.118,0.0,6.853e-07,single nucleotide variant
NM_007294.4(BRCA1):c.134+2T>C,NM_007294.4:c.134+2T>C,pathogenic,1,27.9,0.32799999999999996,0.025,4.4465e-06,single nucleotide variant
NM_007294.4(BRCA1):c.2814A>C (p.Pro938=),NM_007294.4:c.2814A>C,benign,0,3.677,0.32799999999999996,0.025,6.841e-07,single nucleotide variant
NM_007294.4(BRCA1):c.3973del (p.Arg1325fs),NM_007294.4:c.3973del,pathogenic,1,7.1265,0.32799999999999996,0.025,4.4465e-06,Deletion
NM_007294.4(BRCA1):c.1997del (p.Leu666fs),NM_007294.4:c.1997del,pathogenic,1,7.1265,0.32799999999999996,0.025,4.4465e-06,Deletion
NM_007294.4(BRCA1):c.5467+482C>T,NM_007294.4:c.5467+482C>T,benign,0,0.1,0.32799999999999996,0.025,0.02377,single nucleotide variant
NM_007294.4(BRCA1):c.849dup (p.Gln284fs),NM_007294.4:c.849dup,pathogenic,1,7.1265,0.32799999999999996,0.025,4.4465e-06,Duplication
NM_007294.4(BRCA1):c.441+13_441+15del,NM_007294.4:c.441+13_441+15del,benign,0,7.1265,0.32799999999999996,0.025,4.4465e-06,Deletion
NM_007294.4(BRCA1):c.2933_2949del (p.Tyr978fs),NM_007294.4:c.2933_2949del,pathogenic,1,7.1265,0.32799999999999996,0.025,4.4465e-06,Deletion
NM_007294.4(BRCA1):c.4106_4110delinsATC (p.Ala1369fs),NM_007294.4:c.4106_4110delinsATC,pathogenic,1,7.1265,0.32799999999999996,0.025,4.4465e-06,Indel
NM_007294.4(BRCA1):c.4131C>T (p.Ser1377=),NM_007294.4:c.4131C>T,benign,0,7.168,0.32799999999999996,0.025,6.847e-06,single nucleotide variant
NM_007294.4(BRCA1):c.848_849insCTCATTA (p.Leu283fs),NM_007294.4:c.848_849insCTCATTA,pathogenic,1,7.1265,0.32799999999999996,0.025,4.4465e-06,Insertion
NM_007294.4(BRCA1):c.3714T>C (p.Pro1238=),NM_007294.4:c.3714T>C,benign,0,1.112,0.32799999999999996,0.025,4.4465e-06,single nucleotide variant
NM_007294.4(BRCA1):c.1927A>G (p.Ser643Gly),NM_007294.4:c.1927A>G,benign,0,21.6,0.687,0.01,4.4465e-06,single nucleotide variant
NM_007294.4(BRCA1):c.4336G>T (p.Glu1446Ter),NM_007294.4:c.4336G>T,pathogenic,1,33.0,0.32799999999999996,0.025,4.4465e-06,single nucleotide variant
NG_005905.2:g.(?_92501)_(150377_154032)del,NG_005905.2:g._del,pathogenic,1,7.1265,0.32799999999999996,0.025,4.4465e-06,Deletion
NM_007294.4(BRCA1):c.137_141delinsAATTTATAGATTT (p.Phe46_Cys47delinsTer),NM_007294.4:c.137_141delinsAATTTATAGATTT,pathogenic,1,7.1265,0.32799999999999996,0.025,4.4465e-06,Indel
NM_007294.4(BRCA1):c.670+18C>A,NM_007294.4:c.670+18C>A,benign,0,2.561,0.32799999999999996,0.025,0.0,single nucleotide variant
NM_007294.4(BRCA1):c.3311_3314dup (p.His1105fs),NM_007294.4:c.3311_3314dup,pathogenic,1,7.1265,0.32799999999999996,0.025,4.4465e-06,Duplication
NM_007294.4(BRCA1):c.3090C>T (p.Asn1030=),NM_007294.4:c.3090C>T,benign,0,2.626,0.32799999999999996,0.025,4.789e-06,single nucleotide variant
NM_007294.4(BRCA1):c.4452T>G (p.Ser1484=),NM_007294.4:c.4452T>G,benign,0,2.125,0.32799999999999996,0.025,4.4465e-06,single nucleotide variant
NM_007294.4(BRCA1):c.935dup (p.Ala314fs),NM_007294.4:c.935dup,pathogenic,1,7.1265,0.32799999999999996,0.025,4.4465e-06,Duplication
NM_007294.4(BRCA1):c.4335_4338dup (p.Gln1447fs),NM_007294.4:c.4335_4338dup,pathogenic,1,7.1265,0.32799999999999996,0.025,4.4465e-06,Duplication
NM_007294.4(BRCA1):c.5333-409T>C,NM_007294.4:c.5333-409T>C,benign,0,12.23,0.32799999999999996,0.025,4.4465e-06,single nucleotide variant
NM_007294.4(BRCA1):c.37_40del (p.Asn13fs),NM_007294.4:c.37_40del,pathogenic,1,7.1265,0.32799999999999996,0.025,4.4465e-06,Deletion
NM_007294.4(BRCA1):c.3750del (p.Glu1250fs),NM_007294.4:c.3750del,pathogenic,1,7.1265,0.32799999999999996,0.025,4.4465e-06,Deletion
NM_007294.4(BRCA1):c.2016A>G (p.Lys672=),NM_007294.4:c.2016A>G,benign,0,2.377,0.32799999999999996,0.025,1.368e-06,single nucleotide variant
NM_007294.4(BRCA1):c.450del (p.Ser151fs),NM_007294.4:c.450del,pathogenic,1,7.1265,0.32799999999999996,0.025,4.4465e-06,Deletion
NM_007294.4(BRCA1):c.2890G>T (p.Gly964Ter),NM_007294.4:c.2890G>T,pathogenic,1,34.0,0.32799999999999996,0.025,4.4465e-06,single nucleotide variant
NM_007294.4(BRCA1):c.4357+2077C>G,NM_007294.4:c.4357+2077C>G,benign,0,0.679,0.32799999999999996,0.025,0.9951,single nucleotide variant
NM_007294.4(BRCA1):c.2844A>G (p.Gly948=),NM_007294.4:c.2844A>G,benign,0,1.529,0.32799999999999996,0.025,4.4465e-06,single nucleotide variant
NM_007294.4(BRCA1):c.5353_5354dup (p.Gln1785fs),NM_007294.4:c.5353_5354dup,pathogenic,1,7.1265,0.32799999999999996,0.025,4.4465e-06,Duplication
NM_007294.4(BRCA1):c.5569del (p.Gln1857fs),NM_007294.4:c.5569del,pathogenic,1,7.1265,0.32799999999999996,0.025,4.4465e-06,Deletion
NM_007294.4(BRCA1):c.5278-11_5278-1del,NM_007294.4:c.5278-11_5278-1del,pathogenic,1,7.1265,0.32799999999999996,0.025,4.4465e-06,Deletion
NM_007294.4(BRCA1):c.3765del (p.Asn1255fs),NM_007294.4:c.3765del,pathogenic,1,7.1265,0.32799999999999996,0.025,4.4465e-06,Deletion
NM_007294.3(BRCA1):c.3288_3289ins46 (p.?),NM_007294.3:c.3288_3289ins46,pathogenic,1,7.1265,0.32799999999999996,0.025,4.4465e-06,Insertion
NM_007294.4(BRCA1):c.441+18CTT[8],NM_007294.4:c.441+18CTT[8],benign,0,7.1265,0.32799999999999996,0.025,4.4465e-06,Microsatellite
NM_007294.4(BRCA1):c.3224dup (p.Asn1075fs),NM_007294.4:c.3224dup,pathogenic,1,7.1265,0.32799999999999996,0.025,4.4465e-06,Duplication
NM_007294.4(BRCA1):c.439T>C (p.Leu147=),NM_007294.4:c.439T>C,benign,0,11.31,0.32799999999999996,0.025,3.422e-06,single nucleotide variant
NM_007294.4(BRCA1):c.4987-1060G>A,NM_007294.4:c.4987-1060G>A,benign,0,9.986,0.32799999999999996,0.025,0.01001,single nucleotide variant
NM_007294.4(BRCA1):c.594-12T>G,NM_007294.4:c.594-12T>G,benign,0,13.32,0.32799999999999996,0.025,4.4465e-06,single nucleotide variant
NM_007294.3(BRCA1):c.4987-?_5074+?del,NM_007294.3:c.4987-?_5074+?del,pathogenic,1,7.1265,0.32799999999999996,0.025,4.4465e-06,Deletion
NM_007294.4(BRCA1):c.627T>C (p.Pro209=),NM_007294.4:c.627T>C,benign,0,8.073,0.32799999999999996,0.025,4.4465e-06,single nucleotide variant
NM_007294.4(BRCA1):c.367del (p.Ser123fs),NM_007294.4:c.367del,pathogenic,1,7.1265,0.32799999999999996,0.025,4.4465e-06,Deletion
NM_007294.4(BRCA1):c.4282_4283del (p.Ser1428fs),NM_007294.4:c.4282_4283del,pathogenic,1,7.1265,0.32799999999999996,0.025,4.4465e-06,Deletion
NM_007294.4(BRCA1):c.1827T>C (p.Asn609=),NM_007294.4:c.1827T>C,benign,0,0.801,0.32799999999999996,0.025,2.736e-06,single nucleotide variant
NM_007294.4(BRCA1):c.5193+340_5277+2206del,NM_007294.4:c.5193+340_5277+2206del,pathogenic,1,7.1265,0.32799999999999996,0.025,4.4465e-06,Deletion
NM_007294.4(BRCA1):c.2275C>T (p.Gln759Ter),NM_007294.4:c.2275C>T,pathogenic,1,35.0,0.32799999999999996,0.025,6.841e-07,single nucleotide variant
NM_007294.4(BRCA1):c.5453A>G (p.Asp1818Gly),NM_007294.4:c.5453A>G,pathogenic,1,21.9,0.138,0.03,4.4465e-06,single nucleotide variant
NM_007294.4(BRCA1):c.378A>G (p.Gln126=),NM_007294.4:c.378A>G,benign,0,6.615,0.32799999999999996,0.025,1.847e-05,single nucleotide variant
NM_007294.4(BRCA1):c.1772del (p.Ile591fs),NM_007294.4:c.1772del,pathogenic,1,7.1265,0.32799999999999996,0.025,6.841e-07,Deletion
NM_007294.4(BRCA1):c.3900C>T (p.Cys1300=),NM_007294.4:c.3900C>T,benign,0,6.355,0.32799999999999996,0.025,1.368e-06,single nucleotide variant
NM_007294.4(BRCA1):c.4357+8T>A,NM_007294.4:c.4357+8T>A,benign,0,0.733,0.32799999999999996,0.025,6.844e-07,single nucleotide variant
NM_007294.4(BRCA1):c.3286_3289del (p.Gln1096fs),NM_007294.4:c.3286_3289del,pathogenic,1,7.1265,0.32799999999999996,0.025,4.4465e-06,Deletion
NM_007294.4(BRCA1):c.412_418del (p.Leu138fs),NM_007294.4:c.412_418del,pathogenic,1,7.1265,0.32799999999999996,0.025,4.4465e-06,Deletion
NM_007294.4(BRCA1):c.1177_1219del (p.Leu393fs),NM_007294.4:c.1177_1219del,pathogenic,1,7.1265,0.32799999999999996,0.025,4.4465e-06,Deletion
NM_007294.4(BRCA1):c.633A>G (p.Gly211=),NM_007294.4:c.633A>G,benign,0,10.03,0.32799999999999996,0.025,4.4465e-06,single nucleotide variant
NM_007294.4(BRCA1):c.3377del (p.Pro1126fs),NM_007294.4:c.3377del,pathogenic,1,7.1265,0.32799999999999996,0.025,4.4465e-06,Deletion
NM_007294.4(BRCA1):c.1492dup (p.Leu498fs),NM_007294.4:c.1492dup,pathogenic,1,7.1265,0.32799999999999996,0.025,4.4465e-06,Duplication
NM_007294.4(BRCA1):c.285T>A (p.Leu95=),NM_007294.4:c.285T>A,benign,0,5.266,0.32799999999999996,0.025,4.4465e-06,single nucleotide variant
NM_007294.4(BRCA1):c.2538_2540delinsG (p.Met847fs),NM_007294.4:c.2538_2540delinsG,pathogenic,1,7.1265,0.32799999999999996,0.025,4.4465e-06,Indel
NM_007294.4(BRCA1):c.2704del (p.Glu902fs),NM_007294.4:c.2704del,pathogenic,1,7.1265,0.32799999999999996,0.025,4.4465e-06,Deletion
NM_007294.4(BRCA1):c.937T>C (p.Leu313=),NM_007294.4:c.937T>C,benign,0,6.294,0.32799999999999996,0.025,1.368e-06,single nucleotide variant
NM_007294.4(BRCA1):c.2002C>T (p.Leu668Phe),NM_007294.4:c.2002C>T,benign,0,7.588,0.688,0.09,4.789e-05,single nucleotide variant
NM_007294.4(BRCA1):c.5153-77_5193+4del,NM_007294.4:c.5153-77_5193+4del,pathogenic,1,7.1265,0.32799999999999996,0.025,4.4465e-06,Deletion
NM_007294.4(BRCA1):c.2351C>A (p.Ser784Ter),NM_007294.4:c.2351C>A,pathogenic,1,36.0,0.32799999999999996,0.025,0.0,single nucleotide variant
NG_005905.2:g.(?_92501)_(172307_?)del,NG_005905.2:g._del,pathogenic,1,7.1265,0.32799999999999996,0.025,4.4465e-06,Deletion
NM_007294.4(BRCA1):c.1828A>C (p.Arg610=),NM_007294.4:c.1828A>C,benign,0,6.195,0.32799999999999996,0.025,4.4465e-06,single nucleotide variant
NM_007294.4(BRCA1):c.4215A>T (p.Ile1405=),NM_007294.4:c.4215A>T,benign,0,5.657,0.32799999999999996,0.025,4.4465e-06,single nucleotide variant
NM_007294.4(BRCA1):c.4986+6T>G,NM_007294.4:c.4986+6T>G,pathogenic,1,22.9,0.32799999999999996,0.025,4.4465e-06,single nucleotide variant
NM_007294.4(BRCA1):c.5193+38A>G,NM_007294.4:c.5193+38A>G,benign,0,1.816,0.32799999999999996,0.025,1.815e-05,single nucleotide variant
NM_007294.4(BRCA1):c.5337A>G (p.Gln1779=),NM_007294.4:c.5337A>G,benign,0,9.332,0.32799999999999996,0.025,1.368e-06,single nucleotide variant
NM_007294.4(BRCA1):c.5467+741C>A,NM_007294.4:c.5467+741C>A,benign,0,11.9,0.32799999999999996,0.025,0.0003221,single nucleotide variant
NM_007294.4(BRCA1):c.5117del (p.Gly1706fs),NM_007294.4:c.5117del,pathogenic,1,7.1265,0.32799999999999996,0.025,4.4465e-06,Deletion
NM_007294.4(BRCA1):c.441+280G>A,NM_007294.4:c.441+280G>A,benign,0,9.511,0.32799999999999996,0.025,0.009692,single nucleotide variant
NM_007294.4(BRCA1):c.528G>C (p.Thr176=),NM_007294.4:c.528G>C,benign,0,2.52,0.32799999999999996,0.025,4.4465e-06,single nucleotide variant
NM_007294.4(BRCA1):c.4284_4285insG (p.Tyr1429fs),NM_007294.4:c.4284_4285insG,pathogenic,1,7.1265,0.32799999999999996,0.025,4.4465e-06,Insertion
NM_007294.4(BRCA1):c.2314_2315del (p.Val772fs),NM_007294.4:c.2314_2315del,pathogenic,1,7.1265,0.32799999999999996,0.025,4.4465e-06,Deletion
NM_007294.4(BRCA1):c.4675+10C>T,NM_007294.4:c.4675+10C>T,benign,0,16.16,0.32799999999999996,0.025,1.368e-06,single nucleotide variant
NM_007294.4(BRCA1):c.5333-36_5333-22del,NM_007294.4:c.5333-36_5333-22del,pathogenic,1,7.1265,0.32799999999999996,0.025,4.4465e-06,Deletion
NC_000017.11:g.(?_43045672)_(43047709_?)del,NC_000017.11:g._del,pathogenic,1,7.1265,0.32799999999999996,0.025,4.4465e-06,Deletion
NM_007294.4(BRCA1):c.2358G>T (p.Leu786=),NM_007294.4:c.2358G>T,benign,0,1.621,0.32799999999999996,0.025,4.4465e-06,single nucleotide variant
NM_007294.4(BRCA1):c.548-54C>T,NM_007294.4:c.548-54C>T,benign,0,7.48,0.32799999999999996,0.025,3.142e-06,single nucleotide variant
NM_007294.4(BRCA1):c.5194-12G>A,NM_007294.4:c.5194-12G>A,pathogenic,1,29.1,0.32799999999999996,0.025,1.37e-06,single nucleotide variant
NM_007294.4(BRCA1):c.5113_5121delinsA (p.Leu1705fs),NM_007294.4:c.5113_5121delinsA,pathogenic,1,7.1265,0.32799999999999996,0.025,4.4465e-06,Indel
NM_007294.4(BRCA1):c.2190A>G (p.Glu730=),NM_007294.4:c.2190A>G,benign,0,1.464,0.32799999999999996,0.025,4.4465e-06,single nucleotide variant
NM_007294.4(BRCA1):c.5556_5560del (p.Tyr1853fs),NM_007294.4:c.5556_5560del,pathogenic,1,7.1265,0.32799999999999996,0.025,4.4465e-06,Deletion
NM_007294.4(BRCA1):c.3258del (p.Val1088fs),NM_007294.4:c.3258del,pathogenic,1,7.1265,0.32799999999999996,0.025,4.4465e-06,Deletion
NM_007294.4(BRCA1):c.4358-1950A>C,NM_007294.4:c.4358-1950A>C,benign,0,11.1,0.32799999999999996,0.025,4.4465e-06,single nucleotide variant
NM_007294.4(BRCA1):c.5001G>A (p.Lys1667=),NM_007294.4:c.5001G>A,benign,0,1.048,0.32799999999999996,0.025,6.848e-07,single nucleotide variant
NM_007294.4(BRCA1):c.1209del (p.Glu404fs),NM_007294.4:c.1209del,pathogenic,1,7.1265,0.32799999999999996,0.025,4.4465e-06,Deletion
NM_007294.4(BRCA1):c.5075-1135G>A,NM_007294.4:c.5075-1135G>A,benign,0,0.743,0.32799999999999996,0.025,0.003014,single nucleotide variant
NM_007294.4(BRCA1):c.81-672C>G,NM_007294.4:c.81-672C>G,benign,0,9.833,0.32799999999999996,0.025,0.01358,single nucleotide variant
NM_007294.4(BRCA1):c.463dup (p.Gln155fs),NM_007294.4:c.463dup,pathogenic,1,7.1265,0.32799999999999996,0.025,4.4465e-06,Duplication
NM_007294.4(BRCA1):c.2424del (p.Phe808fs),NM_007294.4:c.2424del,pathogenic,1,7.1265,0.32799999999999996,0.025,4.4465e-06,Deletion
NM_007294.4(BRCA1):c.5145_5152+8delinsAAATAG,NM_007294.4:c.5145_5152+8delinsAAATAG,pathogenic,1,7.1265,0.32799999999999996,0.025,4.4465e-06,Indel
NM_007294.4(BRCA1):c.134+9G>C,NM_007294.4:c.134+9G>C,benign,0,14.31,0.32799999999999996,0.025,6.847e-07,single nucleotide variant
NM_007294.4(BRCA1):c.3967C>T (p.Gln1323Ter),NM_007294.4:c.3967C>T,pathogenic,1,36.0,0.32799999999999996,0.025,6.841e-07,single nucleotide variant
NM_007294.4(BRCA1):c.1041del (p.Cys348fs),NM_007294.4:c.1041del,pathogenic,1,7.1265,0.32799999999999996,0.025,4.4465e-06,Deletion
NM_007294.4(BRCA1):c.5097G>A (p.Arg1699=),NM_007294.4:c.5097G>A,benign,0,9.767,0.32799999999999996,0.025,4.4465e-06,single nucleotide variant
NM_007294.4(BRCA1):c.2101A>T (p.Lys701Ter),NM_007294.4:c.2101A>T,pathogenic,1,28.5,0.32799999999999996,0.025,4.4465e-06,single nucleotide variant
NM_007294.4(BRCA1):c.1285A>G (p.Ile429Val),NM_007294.4:c.1285A>G,benign,0,16.62,0.54,0.11,6.841e-07,single nucleotide variant
NM_007294.4(BRCA1):c.5549delinsCA (p.Leu1850fs),NM_007294.4:c.5549delinsCA,pathogenic,1,7.1265,0.32799999999999996,0.025,4.4465e-06,Indel
NM_007294.4(BRCA1):c.5193+1690A>G,NM_007294.4:c.5193+1690A>G,benign,0,0.405,0.32799999999999996,0.025,0.3104,single nucleotide variant
NM_007294.4(BRCA1):c.4317T>C (p.Leu1439=),NM_007294.4:c.4317T>C,benign,0,0.062,0.32799999999999996,0.025,4.788e-06,single nucleotide variant
NM_007294.4(BRCA1):c.2551G>T (p.Glu851Ter),NM_007294.4:c.2551G>T,pathogenic,1,38.0,0.32799999999999996,0.025,0.0,single nucleotide variant
NM_007294.3(BRCA1):c.-1465G>A,NM_007294.3:c.-1465G>A,benign,0,7.1265,0.32799999999999996,0.025,4.4465e-06,single nucleotide variant
NM_007294.4(BRCA1):c.548-26T>A,NM_007294.4:c.548-26T>A,benign,0,10.07,0.32799999999999996,0.025,4.4465e-06,single nucleotide variant
NM_007294.4(BRCA1):c.4495dup (p.Ser1499fs),NM_007294.4:c.4495dup,pathogenic,1,7.1265,0.32799999999999996,0.025,4.4465e-06,Duplication
NM_007294.4(BRCA1):c.81-12dup,NM_007294.4:c.81-12dup,benign,0,7.1265,0.32799999999999996,0.025,4.4465e-06,Duplication
NM_007294.4(BRCA1):c.5467+8G>T,NM_007294.4:c.5467+8G>T,benign,0,0.204,0.32799999999999996,0.025,6.841e-07,single nucleotide variant
NM_007294.4(BRCA1):c.2205A>G (p.Leu735=),NM_007294.4:c.2205A>G,benign,0,0.913,0.32799999999999996,0.025,4.4465e-06,single nucleotide variant
NM_007294.4(BRCA1):c.5194-1G>C,NM_007294.4:c.5194-1G>C,pathogenic,1,34.0,0.32799999999999996,0.025,4.4465e-06,single nucleotide variant
NM_007294.4(BRCA1):c.5267_5268insC (p.Gln1756fs),NM_007294.4:c.5267_5268insC,pathogenic,1,7.1265,0.32799999999999996,0.025,4.4465e-06,Insertion
NM_007294.4(BRCA1):c.*750A>G,NM_007294.4:c.*750A>G,benign,0,0.348,0.32799999999999996,0.025,0.004263,single nucleotide variant
NM_007294.4(BRCA1):c.2056dup (p.Glu686fs),NM_007294.4:c.2056dup,pathogenic,1,7.1265,0.32799999999999996,0.025,4.4465e-06,Duplication
NM_007294.4(BRCA1):c.2346del (p.Ser782fs),NM_007294.4:c.2346del,pathogenic,1,7.1265,0.32799999999999996,0.025,4.4465e-06,Deletion
NM_007294.4(BRCA1):c.1288dup (p.Asp430fs),NM_007294.4:c.1288dup,pathogenic,1,7.1265,0.32799999999999996,0.025,4.4465e-06,Duplication
NM_007294.4(BRCA1):c.5362G>T (p.Gly1788Cys),NM_007294.4:c.5362G>T,pathogenic,1,28.6,0.938,0.0,4.4465e-06,single nucleotide variant
NM_007294.4(BRCA1):c.1644T>C (p.Ile548=),NM_007294.4:c.1644T>C,benign,0,7.012,0.32799999999999996,0.025,4.4465e-06,single nucleotide variant
NM_007294.4(BRCA1):c.4911_4913delinsG (p.Glu1638fs),NM_007294.4:c.4911_4913delinsG,pathogenic,1,7.1265,0.32799999999999996,0.025,4.4465e-06,Indel
NM_007294.4(BRCA1):c.1575del (p.Gln526fs),NM_007294.4:c.1575del,pathogenic,1,7.1265,0.32799999999999996,0.025,4.4465e-06,Deletion
NG_005905.2:g.(160933_166866)_(172307_?)del,NG_005905.2:g._del,pathogenic,1,7.1265,0.32799999999999996,0.025,4.4465e-06,Deletion
NM_007294.4(BRCA1):c.3917dup (p.Leu1306fs),NM_007294.4:c.3917dup,pathogenic,1,7.1265,0.32799999999999996,0.025,4.4465e-06,Duplication
NM_007294.4(BRCA1):c.4287C>A (p.Tyr1429Ter),NM_007294.4:c.4287C>A,pathogenic,1,33.0,0.32799999999999996,0.025,4.4465e-06,single nucleotide variant
NM_007294.4(BRCA1):c.831T>C (p.Asn277=),NM_007294.4:c.831T>C,benign,0,7.211,0.32799999999999996,0.025,4.4465e-06,single nucleotide variant
NM_007294.4(BRCA1):c.3908_3909dup (p.Glu1304fs),NM_007294.4:c.3908_3909dup,pathogenic,1,7.1265,0.32799999999999996,0.025,4.4465e-06,Duplication
NM_007294.4(BRCA1):c.5333-1G>C,NM_007294.4:c.5333-1G>C,pathogenic,1,26.5,0.32799999999999996,0.025,4.4465e-06,single nucleotide variant
NM_007294.4(BRCA1):c.2589T>C (p.Val863=),NM_007294.4:c.2589T>C,benign,0,4.93,0.32799999999999996,0.025,4.4465e-06,single nucleotide variant
NM_007294.4(BRCA1):c.5075-20G>A,NM_007294.4:c.5075-20G>A,benign,0,7.726,0.32799999999999996,0.025,1.37e-06,single nucleotide variant
NM_007294.4(BRCA1):c.548-17G>T,NM_007294.4:c.548-17G>T,benign,0,2.16,0.32799999999999996,0.025,0.0002907,single nucleotide variant
NM_007294.4(BRCA1):c.1266T>G (p.Tyr422Ter),NM_007294.4:c.1266T>G,pathogenic,1,26.7,0.32799999999999996,0.025,4.4465e-06,single nucleotide variant
NM_007294.4(BRCA1):c.2864C>A (p.Ser955Ter),NM_007294.4:c.2864C>A,pathogenic,1,35.0,0.32799999999999996,0.025,1.368e-06,single nucleotide variant
NM_007294.3(BRCA1):c.-2261T>C,NM_007294.3:c.-2261T>C,benign,0,7.1265,0.32799999999999996,0.025,4.4465e-06,single nucleotide variant
NM_007294.4(BRCA1):c.5194-1G>T,NM_007294.4:c.5194-1G>T,pathogenic,1,34.0,0.32799999999999996,0.025,4.4465e-06,single nucleotide variant
NM_007294.4(BRCA1):c.4326G>C (p.Leu1442=),NM_007294.4:c.4326G>C,benign,0,0.496,0.32799999999999996,0.025,4.4465e-06,single nucleotide variant
NM_007294.4(BRCA1):c.457A>C (p.Ser153Arg),NM_007294.4:c.457A>C,benign,0,16.85,0.473,0.01,3.834e-05,single nucleotide variant
NM_007294.4(BRCA1):c.2403T>C (p.Cys801=),NM_007294.4:c.2403T>C,benign,0,1.177,0.32799999999999996,0.025,6.843e-07,single nucleotide variant
NM_007294.4(BRCA1):c.2958C>A (p.Ile986=),NM_007294.4:c.2958C>A,benign,0,0.577,0.32799999999999996,0.025,4.4465e-06,single nucleotide variant
NM_007294.4(BRCA1):c.5074+23A>G,NM_007294.4:c.5074+23A>G,benign,0,5.185,0.32799999999999996,0.025,2.467e-05,single nucleotide variant
NM_007294.4(BRCA1):c.3834G>A (p.Lys1278=),NM_007294.4:c.3834G>A,benign,0,3.792,0.32799999999999996,0.025,1.368e-06,single nucleotide variant
NM_007294.4(BRCA1):c.4410del (p.Gly1471fs),NM_007294.4:c.4410del,pathogenic,1,7.1265,0.32799999999999996,0.025,4.4465e-06,Deletion
NM_007294.4(BRCA1):c.81-18C>A,NM_007294.4:c.81-18C>A,benign,0,0.06,0.32799999999999996,0.025,4.4465e-06,single nucleotide variant
NM_007294.4(BRCA1):c.1073T>C (p.Leu358Pro),NM_007294.4:c.1073T>C,benign,0,0.379,0.001,1.0,4.4465e-06,single nucleotide variant
NM_007294.4(BRCA1):c.2589_2594delinsATTCTTTT (p.Ser864fs),NM_007294.4:c.2589_2594delinsATTCTTTT,pathogenic,1,7.1265,0.32799999999999996,0.025,4.4465e-06,Indel
NM_007294.4(BRCA1):c.306A>G (p.Ala102=),NM_007294.4:c.306A>G,benign,0,11.43,0.32799999999999996,0.025,4.4465e-06,single nucleotide variant
NM_007294.4(BRCA1):c.588T>C (p.Tyr196=),NM_007294.4:c.588T>C,benign,0,0.868,0.32799999999999996,0.025,4.4465e-06,single nucleotide variant
NM_007294.4(BRCA1):c.3468del (p.Asp1156fs),NM_007294.4:c.3468del,pathogenic,1,7.1265,0.32799999999999996,0.025,4.4465e-06,Deletion
NM_007294.4(BRCA1):c.1749dup (p.Ala584fs),NM_007294.4:c.1749dup,pathogenic,1,7.1265,0.32799999999999996,0.025,4.4465e-06,Duplication
NM_007294.4(BRCA1):c.5333-17C>T,NM_007294.4:c.5333-17C>T,benign,0,1.358,0.32799999999999996,0.025,4.4465e-06,single nucleotide variant
NM_007294.4(BRCA1):c.315T>C (p.Tyr105=),NM_007294.4:c.315T>C,benign,0,0.553,0.32799999999999996,0.025,6.857e-07,single nucleotide variant
NM_007294.4(BRCA1):c.1525dup (p.Thr509fs),NM_007294.4:c.1525dup,pathogenic,1,7.1265,0.32799999999999996,0.025,4.4465e-06,Duplication
NM_007294.4(BRCA1):c.750_751del (p.Lys251fs),NM_007294.4:c.750_751del,pathogenic,1,7.1265,0.32799999999999996,0.025,4.4465e-06,Microsatellite
NM_007294.4(BRCA1):c.4362A>G (p.Val1454=),NM_007294.4:c.4362A>G,benign,0,10.87,0.32799999999999996,0.025,2.053e-06,single nucleotide variant
NC_000017.11:g.(?_43057032)_(43057155_?)del,NC_000017.11:g._del,pathogenic,1,7.1265,0.32799999999999996,0.025,4.4465e-06,Deletion
NM_007294.4(BRCA1):c.1395T>G (p.Tyr465Ter),NM_007294.4:c.1395T>G,pathogenic,1,32.0,0.32799999999999996,0.025,4.4465e-06,single nucleotide variant
NM_007294.4(BRCA1):c.3758_3759del (p.Leu1252_Ser1253insTer),NM_007294.4:c.3758_3759del,pathogenic,1,7.1265,0.32799999999999996,0.025,4.4465e-06,Deletion
NM_007294.4(BRCA1):c.2066dup (p.Ser689fs),NM_007294.4:c.2066dup,pathogenic,1,7.1265,0.32799999999999996,0.025,4.4465e-06,Duplication
NM_007294.4(BRCA1):c.5467+1_5467+16del,NM_007294.4:c.5467+1_5467+16del,pathogenic,1,7.1265,0.32799999999999996,0.025,4.4465e-06,Deletion
NM_007294.4(BRCA1):c.2188_2201del (p.Glu730fs),NM_007294.4:c.2188_2201del,pathogenic,1,7.1265,0.32799999999999996,0.025,4.4465e-06,Deletion
NM_007294.4(BRCA1):c.390C>G (p.Tyr130Ter),NM_007294.4:c.390C>G,pathogenic,1,33.0,0.32799999999999996,0.025,4.4465e-06,single nucleotide variant
NM_007294.4(BRCA1):c.1326T>C (p.Cys442=),NM_007294.4:c.1326T>C,benign,0,5.624,0.32799999999999996,0.025,4.4465e-06,single nucleotide variant
NM_007294.4(BRCA1):c.3930A>C (p.Thr1310=),NM_007294.4:c.3930A>C,benign,0,9.058,0.32799999999999996,0.025,4.4465e-06,single nucleotide variant
NM_007294.4(BRCA1):c.3664G>T (p.Glu1222Ter),NM_007294.4:c.3664G>T,pathogenic,1,37.0,0.32799999999999996,0.025,1.368e-06,single nucleotide variant
NM_007294.4(BRCA1):c.3772_3776del (p.Glu1258fs),NM_007294.4:c.3772_3776del,pathogenic,1,7.1265,0.32799999999999996,0.025,4.4465e-06,Deletion
NM_007294.4(BRCA1):c.53T>A (p.Met18Lys),NM_007294.4:c.53T>A,pathogenic,1,25.3,0.455,0.0,4.4465e-06,single nucleotide variant
NM_007294.4(BRCA1):c.4201C>T (p.Gln1401Ter),NM_007294.4:c.4201C>T,pathogenic,1,39.0,0.32799999999999996,0.025,4.4465e-06,single nucleotide variant
NM_007294.4(BRCA1):c.441+2T>C,NM_007294.4:c.441+2T>C,pathogenic,1,28.0,0.32799999999999996,0.025,4.4465e-06,single nucleotide variant
NM_007294.4(BRCA1):c.3000_3075dup (p.Ile1026delinsGlyLysLeuTer),NM_007294.4:c.3000_3075dup,pathogenic,1,7.1265,0.32799999999999996,0.025,4.4465e-06,Duplication
NM_007294.4(BRCA1):c.5333-471A>G,NM_007294.4:c.5333-471A>G,benign,0,12.78,0.32799999999999996,0.025,4.4465e-06,single nucleotide variant
NM_007294.4(BRCA1):c.5075-10C>A,NM_007294.4:c.5075-10C>A,benign,0,16.46,0.32799999999999996,0.025,4.4465e-06,single nucleotide variant
NM_007294.4(BRCA1):c.1958_1961del (p.Lys653fs),NM_007294.4:c.1958_1961del,pathogenic,1,17.28,0.32799999999999996,0.025,6.579e-06,Deletion
NM_007294.4(BRCA1):c.50del (p.Ala17fs),NM_007294.4:c.50del,pathogenic,1,7.1265,0.32799999999999996,0.025,4.4465e-06,Deletion
NM_007294.4(BRCA1):c.4052dup (p.Leu1351fs),NM_007294.4:c.4052dup,pathogenic,1,7.1265,0.32799999999999996,0.025,4.4465e-06,Duplication
NM_007294.4(BRCA1):c.2138_2139dup (p.Asn714fs),NM_007294.4:c.2138_2139dup,pathogenic,1,7.1265,0.32799999999999996,0.025,4.4465e-06,Duplication
NM_007294.4(BRCA1):c.2392_2393delinsA (p.Pro798fs),NM_007294.4:c.2392_2393delinsA,pathogenic,1,7.1265,0.32799999999999996,0.025,4.4465e-06,Indel
NM_007294.4(BRCA1):c.5407-73A>C,NM_007294.4:c.5407-73A>C,benign,0,2.394,0.32799999999999996,0.025,1.232e-05,single nucleotide variant
NM_007294.4(BRCA1):c.2424T>C (p.Phe808=),NM_007294.4:c.2424T>C,benign,0,2.731,0.32799999999999996,0.025,4.4465e-06,single nucleotide variant
NM_007294.4(BRCA1):c.3343G>T (p.Glu1115Ter),NM_007294.4:c.3343G>T,pathogenic,1,34.0,0.32799999999999996,0.025,4.4465e-06,single nucleotide variant
NM_007294.3(BRCA1):c.-1959C>T,NM_007294.3:c.-1959C>T,benign,0,7.1265,0.32799999999999996,0.025,4.4465e-06,single nucleotide variant
NM_007294.4(BRCA1):c.2188_2192del (p.Glu730fs),NM_007294.4:c.2188_2192del,pathogenic,1,7.1265,0.32799999999999996,0.025,4.4465e-06,Deletion
NM_007294.4(BRCA1):c.346del (p.Glu116fs),NM_007294.4:c.346del,pathogenic,1,7.1265,0.32799999999999996,0.025,6.846e-07,Deletion
NM_007294.4(BRCA1):c.3903T>C (p.Ser1301=),NM_007294.4:c.3903T>C,benign,0,10.95,0.32799999999999996,0.025,4.4465e-06,single nucleotide variant
NM_007294.4(BRCA1):c.2130delinsAA (p.Cys712fs),NM_007294.4:c.2130delinsAA,pathogenic,1,7.1265,0.32799999999999996,0.025,4.4465e-06,Indel
NM_007294.4(BRCA1):c.1650dup (p.Ser551Ter),NM_007294.4:c.1650dup,pathogenic,1,7.1265,0.32799999999999996,0.025,6.842e-07,Duplication
NM_007294.4(BRCA1):c.1563A>G (p.Ala521=),NM_007294.4:c.1563A>G,benign,0,9.505,0.32799999999999996,0.025,3.421e-06,single nucleotide variant
NM_007294.4(BRCA1):c.5556del (p.Tyr1853fs),NM_007294.4:c.5556del,pathogenic,1,7.1265,0.32799999999999996,0.025,4.4465e-06,Deletion
NM_007294.4(BRCA1):c.4943A>C (p.Lys1648Thr),NM_007294.4:c.4943A>C,benign,0,5.371,0.296,0.06,4.4465e-06,single nucleotide variant
NM_007294.4(BRCA1):c.4512A>G (p.Leu1504=),NM_007294.4:c.4512A>G,benign,0,1.098,0.32799999999999996,0.025,1.368e-06,single nucleotide variant
NM_007294.4(BRCA1):c.5467+2T>C,NM_007294.4:c.5467+2T>C,pathogenic,1,26.1,0.32799999999999996,0.025,6.57e-06,single nucleotide variant
NM_007294.4(BRCA1):c.3365_3366del (p.Thr1122fs),NM_007294.4:c.3365_3366del,pathogenic,1,7.1265,0.32799999999999996,0.025,4.4465e-06,Deletion
NM_007294.4(BRCA1):c.211del (p.Arg71fs),NM_007294.4:c.211del,pathogenic,1,7.1265,0.32799999999999996,0.025,4.4465e-06,Deletion
NM_007294.4(BRCA1):c.2394A>G (p.Pro798=),NM_007294.4:c.2394A>G,benign,0,1.316,0.32799999999999996,0.025,4.4465e-06,single nucleotide variant
NM_007294.4(BRCA1):c.4075del (p.Gln1359fs),NM_007294.4:c.4075del,pathogenic,1,7.1265,0.32799999999999996,0.025,4.4465e-06,Deletion
NM_007294.4(BRCA1):c.1175_1178del (p.Leu392fs),NM_007294.4:c.1175_1178del,pathogenic,1,7.1265,0.32799999999999996,0.025,4.4465e-06,Deletion
NM_007294.4(BRCA1):c.2654del (p.Phe885fs),NM_007294.4:c.2654del,pathogenic,1,7.1265,0.32799999999999996,0.025,4.4465e-06,Deletion
NM_007294.4(BRCA1):c.5427T>A (p.Val1809=),NM_007294.4:c.5427T>A,benign,0,0.289,0.32799999999999996,0.025,4.4465e-06,single nucleotide variant
NM_007294.4(BRCA1):c.603del (p.Gln202fs),NM_007294.4:c.603del,pathogenic,1,7.1265,0.32799999999999996,0.025,4.4465e-06,Deletion
NM_007294.4(BRCA1):c.2907_2910del (p.Lys970fs),NM_007294.4:c.2907_2910del,pathogenic,1,7.1265,0.32799999999999996,0.025,4.4465e-06,Deletion
NM_007294.4(BRCA1):c.1348A>T (p.Lys450Ter),NM_007294.4:c.1348A>T,pathogenic,1,35.0,0.32799999999999996,0.025,4.4465e-06,single nucleotide variant
NM_007294.4(BRCA1):c.4767T>G (p.Arg1589=),NM_007294.4:c.4767T>G,benign,0,0.822,0.32799999999999996,0.025,1.314e-05,single nucleotide variant
NM_007294.4(BRCA1):c.5243G>A (p.Gly1748Asp),NM_007294.4:c.5243G>A,pathogenic,1,24.0,0.193,0.0,4.4465e-06,single nucleotide variant
NM_007294.4(BRCA1):c.1061del (p.Asn354fs),NM_007294.4:c.1061del,pathogenic,1,7.1265,0.32799999999999996,0.025,4.4465e-06,Deletion
NM_007294.4(BRCA1):c.4020G>A (p.Leu1340=),NM_007294.4:c.4020G>A,benign,0,1.759,0.32799999999999996,0.025,4.4465e-06,single nucleotide variant
NM_007294.4(BRCA1):c.4609C>T (p.Gln1537Ter),NM_007294.4:c.4609C>T,pathogenic,1,35.0,0.32799999999999996,0.025,4.4465e-06,single nucleotide variant
NM_007294.4(BRCA1):c.4806del (p.Gln1604fs),NM_007294.4:c.4806del,pathogenic,1,7.1265,0.32799999999999996,0.025,6.841e-07,Deletion
NM_007294.4(BRCA1):c.-14T>C,NM_007294.4:c.-14T>C,benign,0,7.123,0.32799999999999996,0.025,4.4465e-06,single nucleotide variant
NM_007294.4(BRCA1):c.5503_5506del (p.Arg1835fs),NM_007294.4:c.5503_5506del,pathogenic,1,7.1265,0.32799999999999996,0.025,4.4465e-06,Deletion
NM_007294.4(BRCA1):c.2316A>T (p.Val772=),NM_007294.4:c.2316A>T,benign,0,3.537,0.32799999999999996,0.025,4.4465e-06,single nucleotide variant
NM_007294.4(BRCA1):c.4968C>A (p.Gly1656=),NM_007294.4:c.4968C>A,benign,0,9.911,0.32799999999999996,0.025,4.4465e-06,single nucleotide variant
NM_007294.4(BRCA1):c.4358-2590T>G,NM_007294.4:c.4358-2590T>G,benign,0,2.752,0.32799999999999996,0.025,0.3484,single nucleotide variant
NM_007294.4(BRCA1):c.2074del (p.His692fs),NM_007294.4:c.2074del,pathogenic,1,7.1265,0.32799999999999996,0.025,4.4465e-06,Deletion
NM_007294.4(BRCA1):c.2557_2558insTTCACTTTTC (p.Asp853fs),NM_007294.4:c.2557_2558insTTCACTTTTC,pathogenic,1,7.1265,0.32799999999999996,0.025,4.4465e-06,Insertion
NM_007294.4(BRCA1):c.561T>C (p.Ser187=),NM_007294.4:c.561T>C,benign,0,10.81,0.32799999999999996,0.025,4.4465e-06,single nucleotide variant
NM_007294.4(BRCA1):c.1444del (p.Ile482fs),NM_007294.4:c.1444del,pathogenic,1,7.1265,0.32799999999999996,0.025,4.4465e-06,Deletion
NM_007294.4(BRCA1):c.4186-1787_4358-1667dup,NM_007294.4:c.4186-1787_4358-1667dup,pathogenic,1,7.1265,0.32799999999999996,0.025,4.4465e-06,Duplication
NM_007294.4(BRCA1):c.5406+12G>A,NM_007294.4:c.5406+12G>A,benign,0,0.988,0.32799999999999996,0.025,4.4465e-06,single nucleotide variant
NM_007294.4(BRCA1):c.5084_5087del (p.Phe1695fs),NM_007294.4:c.5084_5087del,pathogenic,1,7.1265,0.32799999999999996,0.025,4.4465e-06,Deletion
NM_007294.4(BRCA1):c.1148_1149del (p.Asn383fs),NM_007294.4:c.1148_1149del,pathogenic,1,7.1265,0.32799999999999996,0.025,4.4465e-06,Deletion
NM_007294.4(BRCA1):c.5545G>T (p.Glu1849Ter),NM_007294.4:c.5545G>T,pathogenic,1,37.0,0.32799999999999996,0.025,4.4465e-06,single nucleotide variant
NM_007294.4(BRCA1):c.4489del (p.Ser1497fs),NM_007294.4:c.4489del,pathogenic,1,7.1265,0.32799999999999996,0.025,4.4465e-06,Deletion
