rank,Name,cadd_phred,af,prob_pathogenic,priority
1,NM_007294.4(BRCA1):c.593G>A (p.Ser198Asn),30.0,6.842e-07,0.965,ALTA
2,NM_007294.4(BRCA1):c.4186C>G (p.Gln1396Glu),26.2,6.842e-07,0.93,ALTA
3,NM_007294.4(BRCA1):c.92T>A (p.Ile31Asn),26.9,6.842e-07,0.925,ALTA
4,NM_007294.4(BRCA1):c.3680A>T (p.Gln1227Leu),22.7,6.842e-07,0.87,ALTA
5,NM_007294.4(BRCA1):c.5520C>G (p.Asp1840Glu),22.9,6.842e-07,0.87,ALTA
6,NM_007294.4(BRCA1):c.4180A>C (p.Thr1394Pro),24.7,6.842e-07,0.87,ALTA
7,NM_007294.4(BRCA1):c.5495T>C (p.Val1832Ala),24.8,6.84e-07,0.87,ALTA
8,NM_007294.4(BRCA1):c.4220T>G (p.Leu1407Arg),24.5,6.842e-07,0.86,ALTA
9,NM_007294.4(BRCA1):c.44T>C (p.Ile15Thr),23.4,6.842e-07,0.86,ALTA
10,NM_007294.4(BRCA1):c.2593A>G (p.Lys865Glu),24.7,6.842e-07,0.85,ALTA
11,NM_007294.4(BRCA1):c.4955T>A (p.Met1652Lys),24.1,6.84e-07,0.85,ALTA
12,NM_007294.4(BRCA1):c.1133G>C (p.Ser378Thr),24.9,6.842e-07,0.85,ALTA
13,NM_007294.4(BRCA1):c.206C>G (p.Thr69Ser),23.3,6.842e-07,0.84,ALTA
14,NM_007294.4(BRCA1):c.5051C>G (p.Thr1684Ser),25.1,6.842e-07,0.825,ALTA
15,NM_007294.4(BRCA1):c.5288G>C (p.Gly1763Ala),22.1,6.842e-07,0.81,ALTA
16,NM_007294.4(BRCA1):c.56A>G (p.Gln19Arg),24.5,6.842e-07,0.81,ALTA
17,NM_007294.4(BRCA1):c.386G>T (p.Gly129Val),24.2,6.841e-07,0.795,ALTA
18,NM_007294.4(BRCA1):c.4697C>G (p.Ser1566Cys),24.4,6.842e-07,0.775,ALTA
19,NM_007294.4(BRCA1):c.3692T>C (p.Phe1231Ser),21.1,6.842e-07,0.745,ALTA
20,NM_007294.4(BRCA1):c.23T>A (p.Val8Asp),21.0,6.842e-07,0.73,ALTA
21,NM_007294.4(BRCA1):c.4571C>G (p.Ser1524Cys),22.8,6.842e-07,0.705,ALTA
22,NM_007294.4(BRCA1):c.3449C>G (p.Pro1150Arg),23.8,1.368e-06,0.685,MEDIA
23,NM_007294.4(BRCA1):c.3691T>G (p.Phe1231Val),21.0,6.842e-07,0.665,MEDIA
24,NM_007294.4(BRCA1):c.5059G>C (p.Val1687Leu),20.7,6.842e-07,0.64,MEDIA
25,NM_007294.4(BRCA1):c.3685T>G (p.Leu1229Val),22.0,6.842e-07,0.635,MEDIA
26,NM_007294.4(BRCA1):c.1586C>T (p.Pro529Leu),23.5,6.842e-07,0.625,MEDIA
27,NM_007294.4(BRCA1):c.1808C>T (p.Ser603Leu),23.3,6.842e-07,0.62,MEDIA
28,NM_007294.4(BRCA1):c.796G>T (p.Val266Phe),22.7,6.842e-07,0.615,MEDIA
29,NM_007294.4(BRCA1):c.4358-2A>G,34.0,6.842e-07,0.59,MEDIA
30,NM_007294.4(BRCA1):c.4199T>A (p.Met1400Lys),23.7,6.57e-06,0.58,MEDIA
31,NM_007294.4(BRCA1):c.617A>C (p.Gln206Pro),18.04,6.842e-07,0.52,MEDIA
32,NM_007294.4(BRCA1):c.856G>C (p.Glu286Gln),20.9,6.842e-07,0.5,MEDIA
33,NM_007294.4(BRCA1):c.794C>T (p.Ser265Phe),23.6,6.842e-07,0.495,MEDIA
34,NM_007294.4(BRCA1):c.4490C>T (p.Ser1497Phe),24.4,6.842e-07,0.485,MEDIA
35,NM_007294.4(BRCA1):c.542A>C (p.Glu181Ala),20.8,6.842e-07,0.465,MEDIA
36,NM_007294.4(BRCA1):c.1509G>C (p.Lys503Asn),18.72,6.842e-07,0.435,MEDIA
37,NM_007294.4(BRCA1):c.959G>A (p.Arg320Lys),24.2,6.842e-07,0.425,MEDIA
38,NM_007294.4(BRCA1):c.5030C>T (p.Thr1677Ile),16.84,6.842e-07,0.41,MEDIA
39,NM_007294.4(BRCA1):c.4597G>T (p.Asp1533Tyr),15.67,5.472e-06,0.405,MEDIA
40,NM_007294.4(BRCA1):c.5586C>G (p.His1862Gln),17.07,6.842e-07,0.4,MEDIA
41,NM_007294.4(BRCA1):c.305C>T (p.Ala102Val),21.3,6.863e-07,0.38,BAJA
42,NM_007294.4(BRCA1):c.736T>A (p.Leu246Met),14.87,6.842e-07,0.35,BAJA
43,NM_007294.4(BRCA1):c.520C>G (p.Gln174Glu),21.4,6.842e-07,0.335,BAJA
44,NM_007294.4(BRCA1):c.5275_5276delinsTG (p.Lys1759Trp),14.85,6.842e-07,0.335,BAJA
45,NM_007294.4(BRCA1):c.564A>C (p.Glu188Asp),22.2,6.842e-07,0.335,BAJA
46,NM_007294.4(BRCA1):c.8T>C (p.Leu3Ser),21.8,6.846e-07,0.28,BAJA
47,NM_007294.4(BRCA1):c.333A>C (p.Glu111Asp),20.5,6.842e-07,0.28,BAJA
48,NM_007294.4(BRCA1):c.3271C>T (p.Pro1091Ser),21.4,6.842e-07,0.27,BAJA
49,NM_007294.4(BRCA1):c.487A>G (p.Arg163Gly),20.6,6.842e-07,0.265,BAJA
50,NM_007294.4(BRCA1):c.644A>C (p.Glu215Ala),20.3,6.842e-07,0.26,BAJA
51,NM_007294.4(BRCA1):c.4426A>G (p.Lys1476Glu),19.41,6.842e-07,0.24,BAJA
52,NM_007294.4(BRCA1):c.373A>G (p.Ile125Val),19.41,6.842e-07,0.24,BAJA
53,NM_007294.4(BRCA1):c.1894A>C (p.Ser632Arg),20.7,6.842e-07,0.235,BAJA
54,NM_007294.4(BRCA1):c.482C>G (p.Thr161Ser),16.81,6.842e-07,0.195,BAJA
55,NM_007294.4(BRCA1):c.94A>G (p.Lys32Glu),21.6,6.842e-07,0.19,BAJA
56,NM_007294.4(BRCA1):c.5585A>G (p.His1862Arg),9.677,6.842e-07,0.185,BAJA
57,NM_007294.4(BRCA1):c.1241A>G (p.Asp414Gly),15.82,6.842e-07,0.185,BAJA
58,NM_007294.4(BRCA1):c.4042G>C (p.Gly1348Arg),18.77,6.842e-07,0.175,BAJA
59,NM_007294.4(BRCA1):c.584C>T (p.Thr195Ile),7.419,6.842e-07,0.16834728735589813,BAJA
60,NM_007294.4(BRCA1):c.5197G>A (p.Asp1733Asn),20.9,6.842e-07,0.165,BAJA
61,NM_007294.4(BRCA1):c.4836G>T (p.Gln1612His),11.71,6.841e-07,0.155,BAJA
62,NM_007294.4(BRCA1):c.3535A>G (p.Lys1179Glu),18.33,6.842e-07,0.15,BAJA
63,NM_007294.4(BRCA1):c.-19-11A>G,7.487,6.842e-07,0.1445967741935484,BAJA
64,NM_007294.4(BRCA1):c.5407G>A (p.Gly1803Ser),19.42,6.841e-07,0.13,BAJA
65,NM_007294.4(BRCA1):c.80+2461C>T,20.5,6.842e-07,0.125,BAJA
66,NM_007294.4(BRCA1):c.4549C>G (p.Leu1517Val),18.81,6.842e-07,0.125,BAJA
67,NM_007294.4(BRCA1):c.4986+68A>G,7.01,6.842e-07,0.10444587045145705,BAJA
68,NM_007294.4(BRCA1):c.4472C>G (p.Pro1491Arg),17.17,6.842e-07,0.09,BAJA
69,NM_007294.4(BRCA1):c.1415C>G (p.Pro472Arg),15.63,6.842e-07,0.09,BAJA
70,NM_007294.4(BRCA1):c.680A>T (p.Glu227Val),17.08,6.842e-07,0.09,BAJA
71,NM_007294.4(BRCA1):c.370A>C (p.Ile124Leu),17.98,6.842e-07,0.085,BAJA
72,NM_007294.4(BRCA1):c.4358-9C>A,18.36,6.842e-07,0.085,BAJA
73,NM_007294.4(BRCA1):c.4338A>T (p.Glu1446Asp),14.19,6.842e-07,0.085,BAJA
74,NM_007294.4(BRCA1):c.466C>G (p.Leu156Val),15.9,6.842e-07,0.08,BAJA
75,NM_007294.4(BRCA1):c.5334T>A (p.Asp1778Glu),18.36,6.841e-07,0.075,BAJA
76,NM_007294.4(BRCA1):c.4810C>A (p.Gln1604Lys),14.24,6.842e-07,0.075,BAJA
77,NM_007294.4(BRCA1):c.25G>C (p.Glu9Gln),20.8,6.842e-07,0.07,BAJA
78,NM_007294.4(BRCA1):c.4711T>C (p.Phe1571Leu),17.95,6.842e-07,0.07,BAJA
79,NM_007294.4(BRCA1):c.4376A>G (p.Lys1459Arg),17.99,1.369e-06,0.07,BAJA
80,NM_007294.4(BRCA1):c.3194A>G (p.Asp1065Gly),6.769,6.842e-07,0.06944587045145705,BAJA
81,NM_007294.4(BRCA1):c.593+4A>C,17.79,6.842e-07,0.065,BAJA
82,NM_007294.4(BRCA1):c.4412G>T (p.Gly1471Val),14.01,6.842e-07,0.065,BAJA
83,NM_007294.4(BRCA1):c.4862A>G (p.Asp1621Gly),12.2,6.842e-07,0.06,BAJA
84,NM_007294.4(BRCA1):c.310A>G (p.Ser104Gly),17.91,6.862e-07,0.06,BAJA
85,NM_007294.4(BRCA1):c.4622A>T (p.Glu1541Val),12.71,6.842e-07,0.055,BAJA
86,NM_007294.4(BRCA1):c.5067G>C (p.Met1689Ile),16.79,6.842e-07,0.055,BAJA
87,NM_007294.4(BRCA1):c.3598C>G (p.Gln1200Glu),12.41,6.842e-07,0.055,BAJA
88,NM_007294.4(BRCA1):c.3727A>G (p.Arg1243Gly),16.1,6.842e-07,0.05,BAJA
89,NM_007294.4(BRCA1):c.3224A>G (p.Asn1075Ser),6.729,6.842e-07,0.049581005586592175,BAJA
90,NM_007294.4(BRCA1):c.5399T>G (p.Leu1800Arg),7.797,6.842e-07,0.045,BAJA
91,NM_007294.4(BRCA1):c.4412G>C (p.Gly1471Ala),7.775,6.842e-07,0.045,BAJA
92,NM_007294.4(BRCA1):c.5332+564C>G,17.53,6.842e-07,0.045,BAJA
93,NM_007294.4(BRCA1):c.4684C>T (p.Pro1562Ser),15.56,6.842e-07,0.04,BAJA
94,NM_007294.4(BRCA1):c.2612_2614delinsTGC (p.Pro871_Phe872delinsLeuLeu),14.85,6.842e-07,0.035,BAJA
95,NM_007294.3(BRCA1):c.4676_4678del,14.85,6.842e-07,0.035,BAJA
96,NM_007294.4(BRCA1):c.4987-4del,14.85,6.842e-07,0.035,BAJA
97,NM_007294.4(BRCA1):c.-19-4_-19-3dup,14.85,6.842e-07,0.035,BAJA
98,NM_007294.4(BRCA1):c.3991_4096+10delinsAT,14.85,6.842e-07,0.035,BAJA
99,NM_007294.4(BRCA1):c.2250_2252del (p.Met751del),14.85,6.842e-07,0.035,BAJA
100,NM_007294.4(BRCA1):c.1577A>G (p.Gln526Arg),13.83,6.842e-07,0.035,BAJA
101,NM_007294.4(BRCA1):c.4954_4956del (p.Met1652del),14.85,6.842e-07,0.035,BAJA
102,NM_007294.4(BRCA1):c.4358-20_4358-18delinsGTG,14.85,6.842e-07,0.035,BAJA
103,NM_007294.4(BRCA1):c.3785_3787del (p.Ser1262del),14.85,6.841e-07,0.035,BAJA
104,NM_007294.4(BRCA1):c.5059GTT[3] (p.Val1688_Met1689insVal),14.85,6.842e-07,0.035,BAJA
105,NM_007294.4(BRCA1):c.-19-2_-19-1insAT,14.85,6.842e-07,0.035,BAJA
106,NM_007294.4(BRCA1):c.4276T>A (p.Ser1426Thr),14.6,6.842e-07,0.035,BAJA
107,NM_007294.4(BRCA1):c.171_172delinsTT (p.Pro58Ser),14.85,6.842e-07,0.035,BAJA
108,NM_007294.4(BRCA1):c.5152+18_5152+22delinsAAGTA,14.85,6.842e-07,0.035,BAJA
109,NM_007294.4(BRCA1):c.2068_2082del (p.Lys690_Ser694del),14.85,6.842e-07,0.035,BAJA
110,NM_007294.4(BRCA1):c.548-17G>A,14.68,6.842e-07,0.035,BAJA
111,NM_007294.4(BRCA1):c.585_586del (p.Tyr196fs),14.85,6.842e-07,0.035,BAJA
112,NC_000017.10:g.(?_41276014)_(41277500_?)dup,14.85,6.842e-07,0.035,BAJA
113,NM_007294.4(BRCA1):c.5197_5199del (p.Asp1733del),14.85,6.842e-07,0.035,BAJA
114,NM_007294.4(BRCA1):c.4713_4715del (p.Ser1572del),14.85,6.842e-07,0.035,BAJA
115,NM_007294.4(BRCA1):c.615dup (p.Gln206fs),14.85,6.842e-07,0.035,BAJA
116,NM_007294.4(BRCA1):c.5013_5015del (p.Lys1671_His1672delinsAsn),14.85,6.842e-07,0.035,BAJA
117,NM_007294.4(BRCA1):c.670+1del,14.85,6.842e-07,0.035,BAJA
118,NM_007294.4(BRCA1):c.4948_4966del (p.Met1650fs),14.85,6.842e-07,0.035,BAJA
119,NM_007294.4(BRCA1):c.3345AGT[1] (p.Val1117del),14.85,6.842e-07,0.035,BAJA
120,NM_007294.4(BRCA1):c.5428G>C (p.Val1810Leu),14.9,6.84e-07,0.035,BAJA
121,NM_007294.4(BRCA1):c.301+3_301+8del,14.85,6.842e-07,0.035,BAJA
122,NM_007294.4(BRCA1):c.3311A>G (p.Lys1104Arg),14.89,6.842e-07,0.035,BAJA
123,NM_007294.4(BRCA1):c.5271C>A (p.Asp1757Glu),13.76,6.842e-07,0.035,BAJA
124,NM_007294.4(BRCA1):c.4459A>G (p.Lys1487Glu),8.577,6.842e-07,0.03,BAJA
125,NM_007294.4(BRCA1):c.5009G>A (p.Arg1670Lys),8.653,6.842e-07,0.03,BAJA
126,NM_007294.4(BRCA1):c.2540T>C (p.Met847Thr),14.83,6.842e-07,0.03,BAJA
127,NM_007294.4(BRCA1):c.3467A>G (p.Asp1156Gly),15.8,6.841e-07,0.03,BAJA
128,NM_007294.4(BRCA1):c.4589A>C (p.Lys1530Thr),13.39,6.842e-07,0.025,BAJA
129,NM_007294.4(BRCA1):c.4889A>G (p.Glu1630Gly),12.28,6.84e-07,0.025,BAJA
130,NM_007294.4(BRCA1):c.2179C>T (p.Pro727Ser),13.53,6.842e-07,0.02,BAJA
131,NM_007294.4(BRCA1):c.4693G>A (p.Glu1565Lys),13.19,6.842e-07,0.02,BAJA
132,NM_007294.4(BRCA1):c.4504C>T (p.Pro1502Ser),13.22,6.841e-07,0.02,BAJA
133,NM_007294.4(BRCA1):c.1037C>G (p.Pro346Arg),11.12,6.842e-07,0.02,BAJA
134,NM_007294.4(BRCA1):c.2041A>C (p.Ser681Arg),9.181,6.842e-07,0.02,BAJA
135,NM_007294.4(BRCA1):c.4103C>T (p.Ala1368Val),8.351,4.111e-06,0.02,BAJA
136,NM_007294.4(BRCA1):c.5074+6C>A,12.55,6.842e-07,0.02,BAJA
137,NM_007294.4(BRCA1):c.4189A>C (p.Arg1397=),10.94,6.842e-07,0.02,BAJA
138,NM_007294.4(BRCA1):c.4185+3984G>T,11.15,6.842e-07,0.02,BAJA
139,NM_007294.4(BRCA1):c.4718A>G (p.Asp1573Gly),9.173,6.842e-07,0.02,BAJA
140,NM_007294.4(BRCA1):c.3545A>G (p.Gln1182Arg),14.91,6.842e-07,0.015,BAJA
141,NM_007294.4(BRCA1):c.4531C>T (p.His1511Tyr),11.88,6.842e-07,0.015,BAJA
142,NM_007294.4(BRCA1):c.3905A>G (p.Glu1302Gly),11.88,6.842e-07,0.015,BAJA
143,NM_007294.4(BRCA1):c.4471C>A (p.Pro1491Thr),12.34,6.842e-07,0.015,BAJA
144,NM_007294.4(BRCA1):c.4060A>G (p.Asn1354Asp),10.23,6.842e-07,0.015,BAJA
145,NM_007294.4(BRCA1):c.3497C>T (p.Ala1166Val),12.35,6.841e-07,0.015,BAJA
146,NM_007294.4(BRCA1):c.1971A>C (p.Gln657His),14.67,6.842e-07,0.015,BAJA
147,NM_007294.4(BRCA1):c.571G>T (p.Val191Phe),10.64,6.842e-07,0.015,BAJA
148,NM_007294.4(BRCA1):c.4660C>A (p.Pro1554Thr),13.08,6.842e-07,0.015,BAJA
149,NM_007294.4(BRCA1):c.449C>G (p.Thr150Ser),9.42,6.842e-07,0.015,BAJA
150,NM_007294.4(BRCA1):c.5182A>G (p.Met1728Val),11.55,6.857e-07,0.015,BAJA
151,NM_007294.4(BRCA1):c.4372C>G (p.Gln1458Glu),12.82,6.844e-07,0.015,BAJA
152,NM_007294.4(BRCA1):c.670+8C>G,9.602,1.372e-06,0.01,BAJA
153,NM_007294.4(BRCA1):c.4611A>T (p.Gln1537His),16.53,6.842e-07,0.01,BAJA
154,NM_007294.4(BRCA1):c.1360A>C (p.Ser454Arg),8.519,6.842e-07,0.01,BAJA
155,NM_007294.4(BRCA1):c.4421C>A (p.Ala1474Asp),17.3,6.842e-07,0.01,BAJA
156,NM_007294.4(BRCA1):c.3464A>G (p.Asp1155Gly),12.67,6.842e-07,0.01,BAJA
157,NM_007294.4(BRCA1):c.330G>C (p.Lys110Asn),18.83,6.842e-07,0.01,BAJA
158,NM_007294.4(BRCA1):c.4852C>T (p.His1618Tyr),8.364,2.052e-06,0.005,BAJA
159,NM_007294.4(BRCA1):c.4723C>T (p.Pro1575Ser),15.2,6.842e-07,0.005,BAJA
160,NM_007294.4(BRCA1):c.3089A>G (p.Asn1030Ser),10.75,6.842e-07,0.005,BAJA
161,NM_007294.4(BRCA1):c.1405G>T (p.Ala469Ser),1.225,6.842e-07,0.0,BAJA
162,NM_007294.4(BRCA1):c.3409A>T (p.Met1137Leu),0.28,6.842e-07,0.0,BAJA
163,NM_007294.4(BRCA1):c.4790C>A (p.Thr1597Asn),3.381,3.42e-06,0.0,BAJA
164,NM_007294.4(BRCA1):c.4641G>T (p.Leu1547Phe),0.552,6.842e-07,0.0,BAJA
165,NM_007294.4(BRCA1):c.4823C>T (p.Ala1608Val),5.137,6.842e-07,0.0,BAJA
166,NM_007294.4(BRCA1):c.4741G>C (p.Glu1581Gln),6.031,1.368e-06,0.0,BAJA
167,NM_007294.4(BRCA1):c.490A>T (p.Thr164Ser),6.62,6.842e-07,0.0,BAJA
168,NM_007294.4(BRCA1):c.3739G>C (p.Val1247Leu),0.288,6.842e-07,0.0,BAJA
169,NM_007294.4(BRCA1):c.3787T>G (p.Leu1263Val),0.006,6.842e-07,0.0,BAJA
170,NM_007294.4(BRCA1):c.4894G>T (p.Val1632Leu),0.209,6.842e-07,0.0,BAJA
171,NM_007294.4(BRCA1):c.4475G>A (p.Gly1492Glu),6.191,6.842e-07,0.0,BAJA
172,NM_007294.4(BRCA1):c.720A>T (p.Gln240His),5.565,6.842e-07,0.0,BAJA
173,NM_007294.4(BRCA1):c.4790C>G (p.Thr1597Ser),1.502,6.842e-07,0.0,BAJA
174,NM_007294.4(BRCA1):c.4618G>C (p.Glu1540Gln),5.247,6.841e-07,0.0,BAJA
175,NM_007294.4(BRCA1):c.2438G>A (p.Gly813Glu),6.134,6.842e-07,0.0,BAJA
176,NM_007294.4(BRCA1):c.5408G>A (p.Gly1803Asp),1.656,6.571e-06,0.0,BAJA
177,NM_007294.4(BRCA1):c.2409T>G (p.Ser803Arg),4.657,6.842e-07,0.0,BAJA
178,NM_007294.4(BRCA1):c.-19-11A>T,1.542,6.842e-07,0.0,BAJA
179,NM_007294.4(BRCA1):c.4984T>C (p.Phe1662Leu),4.84,6.842e-07,0.0,BAJA
180,NM_007294.4(BRCA1):c.2803A>C (p.Lys935Gln),12.44,2.052e-06,0.0,BAJA
181,NM_007294.4(BRCA1):c.4547G>A (p.Ser1516Asn),5.232,6.842e-07,0.0,BAJA
182,NM_007294.4(BRCA1):c.2305A>C (p.Ile769Leu),16.83,6.842e-07,0.0,BAJA
183,NM_007294.4(BRCA1):c.2770A>G (p.Asn924Asp),0.195,6.841e-07,0.0,BAJA
184,NM_007294.4(BRCA1):c.2230G>T (p.Ala744Ser),2.545,6.842e-07,0.0,BAJA
185,NM_007294.4(BRCA1):c.616C>G (p.Gln206Glu),5.592,6.842e-07,0.0,BAJA
186,NM_007294.4(BRCA1):c.642T>G (p.Asp214Glu),5.929,6.842e-07,0.0,BAJA
187,NM_007294.4(BRCA1):c.4865C>G (p.Thr1622Ser),4.377,6.842e-07,0.0,BAJA
188,NM_007294.4(BRCA1):c.4475G>C (p.Gly1492Ala),6.252,6.842e-07,0.0,BAJA
189,NM_007294.4(BRCA1):c.4090A>G (p.Asn1364Asp),2.697,6.842e-07,0.0,BAJA
190,NM_007294.4(BRCA1):c.4867G>A (p.Ala1623Thr),4.411,6.842e-07,0.0,BAJA
191,NM_007294.4(BRCA1):c.*693C>T,0.518,0.0001402,0.0,BAJA
192,NM_007294.4(BRCA1):c.465A>T (p.Gln155His),1.282,6.572e-06,0.0,BAJA
193,NM_007294.4(BRCA1):c.2754G>C (p.Lys918Asn),4.718,6.841e-07,0.0,BAJA
194,NM_007294.4(BRCA1):c.*58C>G,3.451,1.37e-06,0.0,BAJA
195,NM_007294.4(BRCA1):c.4630C>A (p.Pro1544Thr),2.693,6.842e-07,0.0,BAJA
196,NM_007294.4(BRCA1):c.810T>A (p.His270Gln),17.22,6.842e-07,0.0,BAJA
197,NM_007294.4(BRCA1):c.2006T>G (p.Met669Arg),0.058,6.842e-07,0.0,BAJA
198,NM_007294.4(BRCA1):c.5333-46G>A,0.083,6.842e-07,0.0,BAJA
199,NM_007294.4(BRCA1):c.4868C>T (p.Ala1623Val),4.983,6.842e-07,0.0,BAJA
